Country,Year,gdp
Afghanistan,1949,
Afghanistan,1950,
Afghanistan,1951,
Afghanistan,1952,
Afghanistan,1953,
Afghanistan,1954,
Afghanistan,1955,
Afghanistan,1956,
Afghanistan,1957,
Afghanistan,1958,
Afghanistan,1959,
Afghanistan,1960,
Afghanistan,1961,
Afghanistan,1962,
Afghanistan,1963,
Afghanistan,1964,
Afghanistan,1965,
Afghanistan,1966,
Afghanistan,1967,
Afghanistan,1968,
Afghanistan,1969,
Afghanistan,1970,1.63
Afghanistan,1971,
Afghanistan,1972,
Afghanistan,1973,1.87
Afghanistan,1974,1.61
Afghanistan,1975,1.72
Afghanistan,1976,2.05
Afghanistan,1977,2.01
Afghanistan,1978,
Afghanistan,1979,
Afghanistan,1980,
Afghanistan,1981,
Afghanistan,1982,
Afghanistan,1983,
Afghanistan,1984,
Afghanistan,1985,
Afghanistan,1986,
Afghanistan,1987,
Afghanistan,1988,
Afghanistan,1989,
Afghanistan,1990,
Afghanistan,1991,
Afghanistan,1992,
Afghanistan,1993,
Afghanistan,1994,
Afghanistan,1995,
Afghanistan,1996,
Afghanistan,1997,
Afghanistan,1998,
Afghanistan,1999,
Afghanistan,2000,
Afghanistan,2001,
Afghanistan,2002,
Afghanistan,2003,
Afghanistan,2004,2.43
Afghanistan,2005,1.99
Afghanistan,2006,1.9
Afghanistan,2007,2.57
Afghanistan,2008,2.34
Afghanistan,2009,2.09
Afghanistan,2010,1.95
Afghanistan,2011,1.82
Afghanistan,2012,1.18
Afghanistan,2013,1.08
Afghanistan,2014,1.3
Afghanistan,2015,0.99
Afghanistan,2016,0.96
Afghanistan,2017,0.95
Afghanistan,2018,1.01
Afghanistan,2019,1.17
Afghanistan,2020,1.36
Afghanistan,2021,1.83
Afghanistan,2022,
Afghanistan,2023,
Afghanistan,2024,
Albania,1949,
Albania,1950,
Albania,1951,
Albania,1952,
Albania,1953,
Albania,1954,
Albania,1955,
Albania,1956,
Albania,1957,
Albania,1958,
Albania,1959,
Albania,1960,
Albania,1961,
Albania,1962,
Albania,1963,
Albania,1964,
Albania,1965,
Albania,1966,
Albania,1967,
Albania,1968,
Albania,1969,
Albania,1970,
Albania,1971,
Albania,1972,
Albania,1973,
Albania,1974,
Albania,1975,
Albania,1976,
Albania,1977,
Albania,1978,
Albania,1979,
Albania,1980,6.05
Albania,1981,5.85
Albania,1982,5.65
Albania,1983,5.44
Albania,1984,6.12
Albania,1985,5.65
Albania,1986,5.63
Albania,1987,5.86
Albania,1988,5.62
Albania,1989,5.17
Albania,1990,5.89
Albania,1991,5.79
Albania,1992,4.67
Albania,1993,3.2
Albania,1994,2.55
Albania,1995,2.05
Albania,1996,1.38
Albania,1997,1.28
Albania,1998,1.24
Albania,1999,1.25
Albania,2000,1.25
Albania,2001,1.31
Albania,2002,1.32
Albania,2003,1.34
Albania,2004,1.38
Albania,2005,1.35
Albania,2006,1.57
Albania,2007,1.82
Albania,2008,1.98
Albania,2009,1.52
Albania,2010,1.56
Albania,2011,1.53
Albania,2012,1.49
Albania,2013,1.41
Albania,2014,1.35
Albania,2015,1.16
Albania,2016,1.1
Albania,2017,1.11
Albania,2018,1.16
Albania,2019,1.28
Albania,2020,1.3
Albania,2021,1.24
Albania,2022,1.21
Albania,2023,1.74
Albania,2024,2.04
Algeria,1949,
Algeria,1950,
Algeria,1951,
Algeria,1952,
Algeria,1953,
Algeria,1954,
Algeria,1955,
Algeria,1956,
Algeria,1957,
Algeria,1958,
Algeria,1959,
Algeria,1960,1.61
Algeria,1961,1.92
Algeria,1962,
Algeria,1963,2.51
Algeria,1964,3.5
Algeria,1965,3.42
Algeria,1966,3.51
Algeria,1967,3.02
Algeria,1968,2.61
Algeria,1969,2.39
Algeria,1970,2.13
Algeria,1971,2.09
Algeria,1972,1.8
Algeria,1973,1.69
Algeria,1974,1.96
Algeria,1975,2.13
Algeria,1976,2.7
Algeria,1977,2.24
Algeria,1978,2.38
Algeria,1979,2.14
Algeria,1980,2.1
Algeria,1981,1.82
Algeria,1982,2.06
Algeria,1983,1.95
Algeria,1984,1.76
Algeria,1985,1.64
Algeria,1986,1.79
Algeria,1987,1.86
Algeria,1988,1.75
Algeria,1989,1.54
Algeria,1990,1.46
Algeria,1991,1.21
Algeria,1992,2.14
Algeria,1993,2.51
Algeria,1994,3.15
Algeria,1995,2.94
Algeria,1996,3.09
Algeria,1997,3.64
Algeria,1998,3.97
Algeria,1999,3.76
Algeria,2000,3.43
Algeria,2001,3.52
Algeria,2002,3.41
Algeria,2003,3.0
Algeria,2004,3.05
Algeria,2005,2.73
Algeria,2006,2.51
Algeria,2007,2.77
Algeria,2008,2.87
Algeria,2009,3.51
Algeria,2010,3.19
Algeria,2011,3.96
Algeria,2012,4.11
Algeria,2013,4.42
Algeria,2014,4.96
Algeria,2015,5.55
Algeria,2016,5.65
Algeria,2017,5.31
Algeria,2018,4.93
Algeria,2019,5.33
Algeria,2020,5.89
Algeria,2021,4.89
Algeria,2022,4.06
Algeria,2023,7.39
Algeria,2024,7.97
Angola,1949,
Angola,1950,
Angola,1951,
Angola,1952,
Angola,1953,
Angola,1954,
Angola,1955,
Angola,1956,
Angola,1957,
Angola,1958,
Angola,1959,
Angola,1960,
Angola,1961,
Angola,1962,
Angola,1963,
Angola,1964,
Angola,1965,
Angola,1966,
Angola,1967,
Angola,1968,
Angola,1969,
Angola,1970,
Angola,1971,
Angola,1972,
Angola,1973,
Angola,1974,
Angola,1975,
Angola,1976,
Angola,1977,
Angola,1978,
Angola,1979,
Angola,1980,
Angola,1981,
Angola,1982,
Angola,1983,
Angola,1984,
Angola,1985,0.0
Angola,1986,0.0
Angola,1987,22.25
Angola,1988,21.98
Angola,1989,19.43
Angola,1990,17.46
Angola,1991,7.1
Angola,1992,5.68
Angola,1993,17.52
Angola,1994,5.71
Angola,1995,4.71
Angola,1996,2.45
Angola,1997,5.97
Angola,1998,2.64
Angola,1999,17.33
Angola,2000,6.39
Angola,2001,4.52
Angola,2002,2.87
Angola,2003,3.76
Angola,2004,3.47
Angola,2005,3.69
Angola,2006,3.76
Angola,2007,3.11
Angola,2008,3.57
Angola,2009,4.71
Angola,2010,4.18
Angola,2011,3.26
Angola,2012,3.24
Angola,2013,4.46
Angola,2014,4.7
Angola,2015,3.11
Angola,2016,2.73
Angola,2017,2.51
Angola,2018,1.96
Angola,2019,1.77
Angola,2020,1.81
Angola,2021,1.39
Angola,2022,1.41
Angola,2023,1.41
Angola,2024,1.0
Argentina,1949,
Argentina,1950,2.91
Argentina,1951,
Argentina,1952,
Argentina,1953,
Argentina,1954,
Argentina,1955,
Argentina,1956,
Argentina,1957,
Argentina,1958,
Argentina,1959,0.81
Argentina,1960,1.55
Argentina,1961,2.14
Argentina,1962,2.66
Argentina,1963,1.68
Argentina,1964,1.15
Argentina,1965,1.07
Argentina,1966,1.17
Argentina,1967,1.4
Argentina,1968,1.69
Argentina,1969,1.94
Argentina,1970,1.88
Argentina,1971,1.81
Argentina,1972,1.82
Argentina,1973,1.85
Argentina,1974,1.66
Argentina,1975,2.04
Argentina,1976,3.78
Argentina,1977,4.01
Argentina,1978,4.72
Argentina,1979,4.67
Argentina,1980,3.1
Argentina,1981,3.47
Argentina,1982,2.7
Argentina,1983,2.74
Argentina,1984,2.16
Argentina,1985,2.3
Argentina,1986,2.31
Argentina,1987,2.28
Argentina,1988,2.12
Argentina,1989,1.88
Argentina,1990,1.45
Argentina,1991,1.51
Argentina,1992,1.42
Argentina,1993,1.42
Argentina,1994,1.46
Argentina,1995,1.47
Argentina,1996,1.24
Argentina,1997,1.14
Argentina,1998,1.14
Argentina,1999,1.22
Argentina,2000,1.15
Argentina,2001,1.18
Argentina,2002,1.09
Argentina,2003,1.06
Argentina,2004,0.88
Argentina,2005,0.85
Argentina,2006,0.79
Argentina,2007,0.79
Argentina,2008,0.76
Argentina,2009,0.89
Argentina,2010,0.81
Argentina,2011,0.76
Argentina,2012,0.78
Argentina,2013,0.84
Argentina,2014,0.88
Argentina,2015,0.85
Argentina,2016,0.81
Argentina,2017,0.85
Argentina,2018,0.73
Argentina,2019,0.7
Argentina,2020,0.73
Argentina,2021,0.63
Argentina,2022,0.68
Argentina,2023,0.76
Argentina,2024,0.62
Armenia,1949,
Armenia,1950,
Armenia,1951,
Armenia,1952,
Armenia,1953,
Armenia,1954,
Armenia,1955,
Armenia,1956,
Armenia,1957,
Armenia,1958,
Armenia,1959,
Armenia,1960,
Armenia,1961,
Armenia,1962,
Armenia,1963,
Armenia,1964,
Armenia,1965,
Armenia,1966,
Armenia,1967,
Armenia,1968,
Armenia,1969,
Armenia,1970,
Armenia,1971,
Armenia,1972,
Armenia,1973,
Armenia,1974,
Armenia,1975,
Armenia,1976,
Armenia,1977,
Armenia,1978,
Armenia,1979,
Armenia,1980,
Armenia,1981,
Armenia,1982,
Armenia,1983,
Armenia,1984,
Armenia,1985,
Armenia,1986,
Armenia,1987,
Armenia,1988,
Armenia,1989,
Armenia,1990,
Armenia,1991,
Armenia,1992,2.2
Armenia,1993,2.3
Armenia,1994,
Armenia,1995,4.06
Armenia,1996,3.28
Armenia,1997,3.91
Armenia,1998,3.53
Armenia,1999,3.7
Armenia,2000,3.56
Armenia,2001,3.13
Armenia,2002,2.7
Armenia,2003,2.73
Armenia,2004,2.74
Armenia,2005,2.87
Armenia,2006,2.95
Armenia,2007,3.04
Armenia,2008,3.4
Armenia,2009,4.16
Armenia,2010,4.27
Armenia,2011,3.85
Armenia,2012,3.58
Armenia,2013,4.0
Armenia,2014,3.94
Armenia,2015,4.24
Armenia,2016,4.09
Armenia,2017,3.85
Armenia,2018,4.12
Armenia,2019,4.79
Armenia,2020,4.98
Armenia,2021,4.47
Armenia,2022,4.08
Armenia,2023,5.51
Armenia,2024,5.48
Australia,1949,
Australia,1950,2.88
Australia,1951,3.74
Australia,1952,5.18
Australia,1953,4.8
Australia,1954,3.97
Australia,1955,3.86
Australia,1956,3.67
Australia,1957,3.32
Australia,1958,3.25
Australia,1959,3.1
Australia,1960,2.37
Australia,1961,2.42
Australia,1962,2.36
Australia,1963,2.45
Australia,1964,2.65
Australia,1965,2.95
Australia,1966,3.45
Australia,1967,3.79
Australia,1968,3.84
Australia,1969,3.39
Australia,1970,2.97
Australia,1971,2.76
Australia,1972,2.69
Australia,1973,2.38
Australia,1974,2.26
Australia,1975,2.27
Australia,1976,2.22
Australia,1977,2.25
Australia,1978,2.22
Australia,1979,2.19
Australia,1980,2.25
Australia,1981,2.3
Australia,1982,2.39
Australia,1983,2.52
Australia,1984,2.51
Australia,1985,2.52
Australia,1986,2.54
Australia,1987,2.37
Australia,1988,2.16
Australia,1989,2.05
Australia,1990,2.08
Australia,1991,2.16
Australia,1992,2.17
Australia,1993,2.18
Australia,1994,2.11
Australia,1995,2.02
Australia,1996,1.93
Australia,1997,1.86
Australia,1998,1.87
Australia,1999,1.89
Australia,2000,1.82
Australia,2001,1.86
Australia,2002,1.87
Australia,2003,1.84
Australia,2004,1.82
Australia,2005,1.8
Australia,2006,1.82
Australia,2007,1.81
Australia,2008,1.8
Australia,2009,1.92
Australia,2010,1.85
Australia,2011,1.76
Australia,2012,1.67
Australia,2013,1.64
Australia,2014,1.77
Australia,2015,1.95
Australia,2016,2.09
Australia,2017,2.01
Australia,2018,1.9
Australia,2019,1.88
Australia,2020,2.01
Australia,2021,1.98
Australia,2022,1.88
Australia,2023,1.86
Australia,2024,1.88
Austria,1949,
Austria,1950,
Austria,1951,
Austria,1952,
Austria,1953,
Austria,1954,
Austria,1955,
Austria,1956,
Austria,1957,1.63
Austria,1958,1.81
Austria,1959,1.7
Austria,1960,1.46
Austria,1961,1.31
Austria,1962,1.35
Austria,1963,1.58
Austria,1964,1.89
Austria,1965,1.51
Austria,1966,1.62
Austria,1967,1.61
Austria,1968,1.54
Austria,1969,1.5
Austria,1970,1.38
Austria,1971,1.25
Austria,1972,1.2
Austria,1973,1.18
Austria,1974,1.28
Austria,1975,1.45
Austria,1976,1.37
Austria,1977,1.35
Austria,1978,1.43
Austria,1979,1.43
Austria,1980,1.42
Austria,1981,1.38
Austria,1982,1.41
Austria,1983,1.39
Austria,1984,1.41
Austria,1985,1.51
Austria,1986,1.51
Austria,1987,1.42
Austria,1988,1.3
Austria,1989,1.23
Austria,1990,1.2
Austria,1991,1.15
Austria,1992,1.1
Austria,1993,1.12
Austria,1994,1.09
Austria,1995,1.07
Austria,1996,1.05
Austria,1997,1.05
Austria,1998,1.02
Austria,1999,0.98
Austria,2000,0.98
Austria,2001,0.91
Austria,2002,0.89
Austria,2003,0.92
Austria,2004,0.9
Austria,2005,0.86
Austria,2006,0.79
Austria,2007,0.91
Austria,2008,0.88
Austria,2009,0.84
Austria,2010,0.83
Austria,2011,0.8
Austria,2012,0.78
Austria,2013,0.76
Austria,2014,0.75
Austria,2015,0.7
Austria,2016,0.73
Austria,2017,0.76
Austria,2018,0.75
Austria,2019,0.75
Austria,2020,0.89
Austria,2021,0.87
Austria,2022,0.77
Austria,2023,0.87
Austria,2024,1.0
Azerbaijan,1949,
Azerbaijan,1950,
Azerbaijan,1951,
Azerbaijan,1952,
Azerbaijan,1953,
Azerbaijan,1954,
Azerbaijan,1955,
Azerbaijan,1956,
Azerbaijan,1957,
Azerbaijan,1958,
Azerbaijan,1959,
Azerbaijan,1960,
Azerbaijan,1961,
Azerbaijan,1962,
Azerbaijan,1963,
Azerbaijan,1964,
Azerbaijan,1965,
Azerbaijan,1966,
Azerbaijan,1967,
Azerbaijan,1968,
Azerbaijan,1969,
Azerbaijan,1970,
Azerbaijan,1971,
Azerbaijan,1972,
Azerbaijan,1973,
Azerbaijan,1974,
Azerbaijan,1975,
Azerbaijan,1976,
Azerbaijan,1977,
Azerbaijan,1978,
Azerbaijan,1979,
Azerbaijan,1980,
Azerbaijan,1981,
Azerbaijan,1982,
Azerbaijan,1983,
Azerbaijan,1984,
Azerbaijan,1985,
Azerbaijan,1986,
Azerbaijan,1987,
Azerbaijan,1988,
Azerbaijan,1989,
Azerbaijan,1990,
Azerbaijan,1991,
Azerbaijan,1992,2.4
Azerbaijan,1993,5.0
Azerbaijan,1994,1.95
Azerbaijan,1995,2.74
Azerbaijan,1996,2.25
Azerbaijan,1997,2.32
Azerbaijan,1998,2.41
Azerbaijan,1999,2.63
Azerbaijan,2000,2.27
Azerbaijan,2001,2.31
Azerbaijan,2002,2.24
Azerbaijan,2003,2.43
Azerbaijan,2004,2.63
Azerbaijan,2005,2.3
Azerbaijan,2006,3.42
Azerbaijan,2007,2.86
Azerbaijan,2008,3.29
Azerbaijan,2009,3.33
Azerbaijan,2010,2.79
Azerbaijan,2011,4.67
Azerbaijan,2012,4.66
Azerbaijan,2013,4.54
Azerbaijan,2014,4.56
Azerbaijan,2015,5.46
Azerbaijan,2016,3.69
Azerbaijan,2017,3.76
Azerbaijan,2018,3.55
Azerbaijan,2019,3.85
Azerbaijan,2020,5.24
Azerbaijan,2021,4.93
Azerbaijan,2022,3.8
Azerbaijan,2023,4.92
Azerbaijan,2024,4.99
Bahrain,1949,
Bahrain,1950,
Bahrain,1951,
Bahrain,1952,
Bahrain,1953,
Bahrain,1954,
Bahrain,1955,
Bahrain,1956,
Bahrain,1957,
Bahrain,1958,
Bahrain,1959,
Bahrain,1960,
Bahrain,1961,
Bahrain,1962,
Bahrain,1963,
Bahrain,1964,
Bahrain,1965,
Bahrain,1966,
Bahrain,1967,
Bahrain,1968,
Bahrain,1969,
Bahrain,1970,
Bahrain,1971,
Bahrain,1972,
Bahrain,1973,
Bahrain,1974,
Bahrain,1975,1.53
Bahrain,1976,1.75
Bahrain,1977,2.08
Bahrain,1978,4.96
Bahrain,1979,5.89
Bahrain,1980,5.7
Bahrain,1981,6.9
Bahrain,1982,8.54
Bahrain,1983,4.79
Bahrain,1984,4.18
Bahrain,1985,4.59
Bahrain,1986,5.84
Bahrain,1987,5.25
Bahrain,1988,5.6
Bahrain,1989,5.64
Bahrain,1990,5.28
Bahrain,1991,5.7
Bahrain,1992,5.88
Bahrain,1993,5.37
Bahrain,1994,5.11
Bahrain,1995,5.18
Bahrain,1996,5.27
Bahrain,1997,5.07
Bahrain,1998,5.33
Bahrain,1999,5.5
Bahrain,2000,3.96
Bahrain,2001,4.15
Bahrain,2002,4.61
Bahrain,2003,4.66
Bahrain,2004,4.04
Bahrain,2005,3.21
Bahrain,2006,3.1
Bahrain,2007,2.96
Bahrain,2008,2.8
Bahrain,2009,3.61
Bahrain,2010,3.28
Bahrain,2011,3.59
Bahrain,2012,3.84
Bahrain,2013,4.14
Bahrain,2014,4.42
Bahrain,2015,4.64
Bahrain,2016,4.67
Bahrain,2017,4.32
Bahrain,2018,4.04
Bahrain,2019,4.03
Bahrain,2020,4.06
Bahrain,2021,3.52
Bahrain,2022,3.42
Bahrain,2023,3.52
Bahrain,2024,2.89
Bangladesh,1949,
Bangladesh,1950,
Bangladesh,1951,
Bangladesh,1952,
Bangladesh,1953,
Bangladesh,1954,
Bangladesh,1955,
Bangladesh,1956,
Bangladesh,1957,
Bangladesh,1958,
Bangladesh,1959,
Bangladesh,1960,
Bangladesh,1961,
Bangladesh,1962,
Bangladesh,1963,
Bangladesh,1964,
Bangladesh,1965,
Bangladesh,1966,
Bangladesh,1967,
Bangladesh,1968,
Bangladesh,1969,
Bangladesh,1970,
Bangladesh,1971,
Bangladesh,1972,
Bangladesh,1973,0.66
Bangladesh,1974,0.6
Bangladesh,1975,0.84
Bangladesh,1976,1.52
Bangladesh,1977,1.57
Bangladesh,1978,1.27
Bangladesh,1979,0.93
Bangladesh,1980,0.86
Bangladesh,1981,0.92
Bangladesh,1982,1.06
Bangladesh,1983,1.27
Bangladesh,1984,1.18
Bangladesh,1985,1.05
Bangladesh,1986,1.11
Bangladesh,1987,1.17
Bangladesh,1988,1.25
Bangladesh,1989,1.29
Bangladesh,1990,1.22
Bangladesh,1991,1.21
Bangladesh,1992,1.36
Bangladesh,1993,1.43
Bangladesh,1994,1.53
Bangladesh,1995,1.57
Bangladesh,1996,1.54
Bangladesh,1997,1.57
Bangladesh,1998,1.57
Bangladesh,1999,1.58
Bangladesh,2000,1.36
Bangladesh,2001,1.29
Bangladesh,2002,1.05
Bangladesh,2003,1.0
Bangladesh,2004,1.0
Bangladesh,2005,0.97
Bangladesh,2006,0.99
Bangladesh,2007,1.0
Bangladesh,2008,0.94
Bangladesh,2009,1.03
Bangladesh,2010,1.18
Bangladesh,2011,1.22
Bangladesh,2012,1.18
Bangladesh,2013,1.11
Bangladesh,2014,1.14
Bangladesh,2015,1.21
Bangladesh,2016,1.23
Bangladesh,2017,1.13
Bangladesh,2018,1.15
Bangladesh,2019,1.24
Bangladesh,2020,1.24
Bangladesh,2021,1.17
Bangladesh,2022,0.99
Bangladesh,2023,0.92
Bangladesh,2024,0.94
Belarus,1949,
Belarus,1950,
Belarus,1951,
Belarus,1952,
Belarus,1953,
Belarus,1954,
Belarus,1955,
Belarus,1956,
Belarus,1957,
Belarus,1958,
Belarus,1959,
Belarus,1960,
Belarus,1961,
Belarus,1962,
Belarus,1963,
Belarus,1964,
Belarus,1965,
Belarus,1966,
Belarus,1967,
Belarus,1968,
Belarus,1969,
Belarus,1970,
Belarus,1971,
Belarus,1972,
Belarus,1973,
Belarus,1974,
Belarus,1975,
Belarus,1976,
Belarus,1977,
Belarus,1978,
Belarus,1979,
Belarus,1980,
Belarus,1981,
Belarus,1982,
Belarus,1983,
Belarus,1984,
Belarus,1985,
Belarus,1986,
Belarus,1987,
Belarus,1988,
Belarus,1989,
Belarus,1990,
Belarus,1991,
Belarus,1992,1.62
Belarus,1993,2.79
Belarus,1994,3.62
Belarus,1995,1.7
Belarus,1996,1.26
Belarus,1997,1.77
Belarus,1998,1.5
Belarus,1999,1.37
Belarus,2000,1.35
Belarus,2001,1.44
Belarus,2002,1.4
Belarus,2003,1.3
Belarus,2004,1.36
Belarus,2005,1.5
Belarus,2006,1.71
Belarus,2007,1.65
Belarus,2008,1.45
Belarus,2009,1.37
Belarus,2010,1.34
Belarus,2011,1.22
Belarus,2012,1.23
Belarus,2013,1.27
Belarus,2014,1.04
Belarus,2015,1.14
Belarus,2016,1.52
Belarus,2017,1.37
Belarus,2018,1.54
Belarus,2019,1.4
Belarus,2020,1.4
Belarus,2021,1.37
Belarus,2022,1.65
Belarus,2023,2.02
Belarus,2024,2.07
Belgium,1949,
Belgium,1950,
Belgium,1951,
Belgium,1952,
Belgium,1953,4.86
Belgium,1954,4.88
Belgium,1955,3.78
Belgium,1956,3.56
Belgium,1957,3.61
Belgium,1958,3.57
Belgium,1959,3.52
Belgium,1960,3.4
Belgium,1961,3.26
Belgium,1962,3.28
Belgium,1963,3.22
Belgium,1964,3.21
Belgium,1965,2.97
Belgium,1966,3.11
Belgium,1967,3.13
Belgium,1968,3.12
Belgium,1969,2.93
Belgium,1970,2.92
Belgium,1971,2.9
Belgium,1972,2.88
Belgium,1973,2.84
Belgium,1974,2.76
Belgium,1975,3.07
Belgium,1976,3.09
Belgium,1977,3.14
Belgium,1978,3.26
Belgium,1979,3.26
Belgium,1980,3.25
Belgium,1981,3.37
Belgium,1982,3.27
Belgium,1983,3.19
Belgium,1984,3.01
Belgium,1985,2.93
Belgium,1986,2.95
Belgium,1987,2.9
Belgium,1988,2.63
Belgium,1989,2.46
Belgium,1990,2.36
Belgium,1991,2.29
Belgium,1992,1.83
Belgium,1993,1.74
Belgium,1994,1.68
Belgium,1995,1.54
Belgium,1996,1.52
Belgium,1997,1.46
Belgium,1998,1.42
Belgium,1999,1.39
Belgium,2000,1.35
Belgium,2001,1.28
Belgium,2002,1.22
Belgium,2003,1.22
Belgium,2004,1.16
Belgium,2005,1.1
Belgium,2006,1.06
Belgium,2007,1.1
Belgium,2008,1.22
Belgium,2009,1.16
Belgium,2010,1.09
Belgium,2011,1.04
Belgium,2012,1.04
Belgium,2013,1.0
Belgium,2014,0.97
Belgium,2015,0.91
Belgium,2016,0.9
Belgium,2017,0.89
Belgium,2018,0.89
Belgium,2019,0.89
Belgium,2020,1.01
Belgium,2021,1.04
Belgium,2022,1.16
Belgium,2023,1.18
Belgium,2024,1.28
Belize,1949,
Belize,1950,
Belize,1951,
Belize,1952,
Belize,1953,
Belize,1954,
Belize,1955,
Belize,1956,
Belize,1957,
Belize,1958,
Belize,1959,
Belize,1960,
Belize,1961,
Belize,1962,
Belize,1963,
Belize,1964,
Belize,1965,
Belize,1966,
Belize,1967,
Belize,1968,
Belize,1969,
Belize,1970,
Belize,1971,
Belize,1972,
Belize,1973,
Belize,1974,
Belize,1975,
Belize,1976,
Belize,1977,
Belize,1978,0.58
Belize,1979,0.8
Belize,1980,0.86
Belize,1981,1.16
Belize,1982,1.44
Belize,1983,1.53
Belize,1984,1.54
Belize,1985,1.56
Belize,1986,
Belize,1987,
Belize,1988,
Belize,1989,1.2
Belize,1990,0.89
Belize,1991,0.82
Belize,1992,0.79
Belize,1993,0.84
Belize,1994,1.05
Belize,1995,1.01
Belize,1996,0.96
Belize,1997,1.11
Belize,1998,
Belize,1999,
Belize,2000,0.66
Belize,2001,0.66
Belize,2002,0.65
Belize,2003,0.67
Belize,2004,0.7
Belize,2005,0.75
Belize,2006,0.77
Belize,2007,0.8
Belize,2008,1.07
Belize,2009,1.02
Belize,2010,0.88
Belize,2011,0.84
Belize,2012,0.8
Belize,2013,0.87
Belize,2014,0.93
Belize,2015,0.89
Belize,2016,0.96
Belize,2017,1.01
Belize,2018,1.01
Belize,2019,1.02
Belize,2020,1.27
Belize,2021,1.1
Belize,2022,0.98
Belize,2023,0.99
Belize,2024,0.9
Benin,1949,
Benin,1950,
Benin,1951,
Benin,1952,
Benin,1953,
Benin,1954,
Benin,1955,
Benin,1956,
Benin,1957,
Benin,1958,
Benin,1959,
Benin,1960,0.87
Benin,1961,1.4
Benin,1962,1.75
Benin,1963,1.74
Benin,1964,2.18
Benin,1965,2.11
Benin,1966,1.9
Benin,1967,1.98
Benin,1968,2.07
Benin,1969,1.89
Benin,1970,1.63
Benin,1971,1.6
Benin,1972,1.49
Benin,1973,1.68
Benin,1974,1.44
Benin,1975,1.49
Benin,1976,1.28
Benin,1977,1.68
Benin,1978,1.19
Benin,1979,1.93
Benin,1980,2.03
Benin,1981,1.55
Benin,1982,1.05
Benin,1983,1.19
Benin,1984,1.46
Benin,1985,1.3
Benin,1986,1.36
Benin,1987,1.57
Benin,1988,1.56
Benin,1989,1.31
Benin,1990,1.23
Benin,1991,
Benin,1992,
Benin,1993,
Benin,1994,
Benin,1995,
Benin,1996,
Benin,1997,
Benin,1998,
Benin,1999,0.49
Benin,2000,0.41
Benin,2001,0.36
Benin,2002,0.62
Benin,2003,0.65
Benin,2004,0.68
Benin,2005,0.68
Benin,2006,0.67
Benin,2007,
Benin,2008,0.66
Benin,2009,
Benin,2010,
Benin,2011,
Benin,2012,0.7
Benin,2013,0.69
Benin,2014,0.7
Benin,2015,0.8
Benin,2016,0.67
Benin,2017,0.92
Benin,2018,0.63
Benin,2019,0.47
Benin,2020,0.46
Benin,2021,0.55
Benin,2022,0.63
Benin,2023,0.76
Benin,2024,0.72
Bolivia,1949,
Bolivia,1950,
Bolivia,1951,
Bolivia,1952,
Bolivia,1953,0.53
Bolivia,1954,
Bolivia,1955,0.32
Bolivia,1956,0.36
Bolivia,1957,0.82
Bolivia,1958,
Bolivia,1959,
Bolivia,1960,
Bolivia,1961,1.2
Bolivia,1962,1.16
Bolivia,1963,1.33
Bolivia,1964,
Bolivia,1965,
Bolivia,1966,
Bolivia,1967,
Bolivia,1968,1.35
Bolivia,1969,1.32
Bolivia,1970,1.61
Bolivia,1971,1.39
Bolivia,1972,1.6
Bolivia,1973,1.62
Bolivia,1974,1.84
Bolivia,1975,2.37
Bolivia,1976,2.37
Bolivia,1977,2.25
Bolivia,1978,2.6
Bolivia,1979,2.71
Bolivia,1980,3.17
Bolivia,1981,3.9
Bolivia,1982,1.98
Bolivia,1983,1.5
Bolivia,1984,2.17
Bolivia,1985,2.01
Bolivia,1986,2.35
Bolivia,1987,2.38
Bolivia,1988,2.02
Bolivia,1989,2.16
Bolivia,1990,2.82
Bolivia,1991,2.69
Bolivia,1992,2.51
Bolivia,1993,1.92
Bolivia,1994,2.25
Bolivia,1995,2.1
Bolivia,1996,1.99
Bolivia,1997,2.27
Bolivia,1998,2.69
Bolivia,1999,2.13
Bolivia,2000,2.06
Bolivia,2001,2.32
Bolivia,2002,1.99
Bolivia,2003,2.15
Bolivia,2004,1.9
Bolivia,2005,1.72
Bolivia,2006,1.47
Bolivia,2007,1.49
Bolivia,2008,2.19
Bolivia,2009,1.76
Bolivia,2010,2.79
Bolivia,2011,1.68
Bolivia,2012,1.85
Bolivia,2013,1.84
Bolivia,2014,1.9
Bolivia,2015,1.76
Bolivia,2016,1.53
Bolivia,2017,1.54
Bolivia,2018,1.5
Bolivia,2019,1.45
Bolivia,2020,1.39
Bolivia,2021,1.33
Bolivia,2022,0.97
Bolivia,2023,1.3
Bolivia,2024,1.37
Bosnia and Herzegovina,1949,
Bosnia and Herzegovina,1950,
Bosnia and Herzegovina,1951,
Bosnia and Herzegovina,1952,
Bosnia and Herzegovina,1953,
Bosnia and Herzegovina,1954,
Bosnia and Herzegovina,1955,
Bosnia and Herzegovina,1956,
Bosnia and Herzegovina,1957,
Bosnia and Herzegovina,1958,
Bosnia and Herzegovina,1959,
Bosnia and Herzegovina,1960,
Bosnia and Herzegovina,1961,
Bosnia and Herzegovina,1962,
Bosnia and Herzegovina,1963,
Bosnia and Herzegovina,1964,
Bosnia and Herzegovina,1965,
Bosnia and Herzegovina,1966,
Bosnia and Herzegovina,1967,
Bosnia and Herzegovina,1968,
Bosnia and Herzegovina,1969,
Bosnia and Herzegovina,1970,
Bosnia and Herzegovina,1971,
Bosnia and Herzegovina,1972,
Bosnia and Herzegovina,1973,
Bosnia and Herzegovina,1974,
Bosnia and Herzegovina,1975,
Bosnia and Herzegovina,1976,
Bosnia and Herzegovina,1977,
Bosnia and Herzegovina,1978,
Bosnia and Herzegovina,1979,
Bosnia and Herzegovina,1980,
Bosnia and Herzegovina,1981,
Bosnia and Herzegovina,1982,
Bosnia and Herzegovina,1983,
Bosnia and Herzegovina,1984,
Bosnia and Herzegovina,1985,
Bosnia and Herzegovina,1986,
Bosnia and Herzegovina,1987,
Bosnia and Herzegovina,1988,
Bosnia and Herzegovina,1989,
Bosnia and Herzegovina,1990,
Bosnia and Herzegovina,1991,
Bosnia and Herzegovina,1992,
Bosnia and Herzegovina,1993,
Bosnia and Herzegovina,1994,
Bosnia and Herzegovina,1995,
Bosnia and Herzegovina,1996,
Bosnia and Herzegovina,1997,
Bosnia and Herzegovina,1998,
Bosnia and Herzegovina,1999,
Bosnia and Herzegovina,2000,
Bosnia and Herzegovina,2001,
Bosnia and Herzegovina,2002,3.9
Bosnia and Herzegovina,2003,2.42
Bosnia and Herzegovina,2004,1.89
Bosnia and Herzegovina,2005,1.54
Bosnia and Herzegovina,2006,1.39
Bosnia and Herzegovina,2007,1.24
Bosnia and Herzegovina,2008,1.22
Bosnia and Herzegovina,2009,1.38
Bosnia and Herzegovina,2010,1.28
Bosnia and Herzegovina,2011,1.14
Bosnia and Herzegovina,2012,1.15
Bosnia and Herzegovina,2013,1.09
Bosnia and Herzegovina,2014,1.03
Bosnia and Herzegovina,2015,0.99
Bosnia and Herzegovina,2016,0.92
Bosnia and Herzegovina,2017,0.85
Bosnia and Herzegovina,2018,0.84
Bosnia and Herzegovina,2019,0.81
Bosnia and Herzegovina,2020,0.83
Bosnia and Herzegovina,2021,0.89
Bosnia and Herzegovina,2022,0.75
Bosnia and Herzegovina,2023,0.72
Bosnia and Herzegovina,2024,0.75
Botswana,1949,
Botswana,1950,
Botswana,1951,
Botswana,1952,
Botswana,1953,
Botswana,1954,
Botswana,1955,
Botswana,1956,
Botswana,1957,
Botswana,1958,
Botswana,1959,
Botswana,1960,
Botswana,1961,
Botswana,1962,
Botswana,1963,
Botswana,1964,
Botswana,1965,
Botswana,1966,
Botswana,1967,
Botswana,1968,
Botswana,1969,
Botswana,1970,
Botswana,1971,
Botswana,1972,
Botswana,1973,
Botswana,1974,
Botswana,1975,
Botswana,1976,
Botswana,1977,1.36
Botswana,1978,2.87
Botswana,1979,3.5
Botswana,1980,3.21
Botswana,1981,2.98
Botswana,1982,2.69
Botswana,1983,2.33
Botswana,1984,2.44
Botswana,1985,2.18
Botswana,1986,2.66
Botswana,1987,4.79
Botswana,1988,4.9
Botswana,1989,3.57
Botswana,1990,4.45
Botswana,1991,4.6
Botswana,1992,4.48
Botswana,1993,4.93
Botswana,1994,4.01
Botswana,1995,3.51
Botswana,1996,2.9
Botswana,1997,3.2
Botswana,1998,3.78
Botswana,1999,3.09
Botswana,2000,3.19
Botswana,2001,3.83
Botswana,2002,4.11
Botswana,2003,4.01
Botswana,2004,3.51
Botswana,2005,2.86
Botswana,2006,2.75
Botswana,2007,2.9
Botswana,2008,3.1
Botswana,2009,3.26
Botswana,2010,2.76
Botswana,2011,2.4
Botswana,2012,2.34
Botswana,2013,2.15
Botswana,2014,2.21
Botswana,2015,2.83
Botswana,2016,3.41
Botswana,2017,3.25
Botswana,2018,2.92
Botswana,2019,3.08
Botswana,2020,3.33
Botswana,2021,3.05
Botswana,2022,2.52
Botswana,2023,2.46
Botswana,2024,2.83
Brazil,1949,
Brazil,1950,
Brazil,1951,
Brazil,1952,
Brazil,1953,3.6
Brazil,1954,
Brazil,1955,
Brazil,1956,
Brazil,1957,4.4
Brazil,1958,4.07
Brazil,1959,2.96
Brazil,1960,2.68
Brazil,1961,2.36
Brazil,1962,2.4
Brazil,1963,2.26
Brazil,1964,2.01
Brazil,1965,3.35
Brazil,1966,3.02
Brazil,1967,2.86
Brazil,1968,2.65
Brazil,1969,2.62
Brazil,1970,2.89
Brazil,1971,2.62
Brazil,1972,2.44
Brazil,1973,2.15
Brazil,1974,1.94
Brazil,1975,1.97
Brazil,1976,2.0
Brazil,1977,1.69
Brazil,1978,1.6
Brazil,1979,1.52
Brazil,1980,1.14
Brazil,1981,1.14
Brazil,1982,1.3
Brazil,1983,1.25
Brazil,1984,1.2
Brazil,1985,1.43
Brazil,1986,1.22
Brazil,1987,1.74
Brazil,1988,2.12
Brazil,1989,2.69
Brazil,1990,2.36
Brazil,1991,1.96
Brazil,1992,1.52
Brazil,1993,1.93
Brazil,1994,2.02
Brazil,1995,1.86
Brazil,1996,1.65
Brazil,1997,1.58
Brazil,1998,1.66
Brazil,1999,1.65
Brazil,2000,1.73
Brazil,2001,1.95
Brazil,2002,1.9
Brazil,2003,1.5
Brazil,2004,1.46
Brazil,2005,1.52
Brazil,2006,1.48
Brazil,2007,1.47
Brazil,2008,1.44
Brazil,2009,1.54
Brazil,2010,1.54
Brazil,2011,1.41
Brazil,2012,1.38
Brazil,2013,1.33
Brazil,2014,1.33
Brazil,2015,1.37
Brazil,2016,1.35
Brazil,2017,1.41
Brazil,2018,1.47
Brazil,2019,1.38
Brazil,2020,1.33
Brazil,2021,1.15
Brazil,2022,1.05
Brazil,2023,1.0
Brazil,2024,0.97
Brunei,1949,
Brunei,1950,
Brunei,1951,
Brunei,1952,
Brunei,1953,
Brunei,1954,
Brunei,1955,
Brunei,1956,
Brunei,1957,
Brunei,1958,
Brunei,1959,
Brunei,1960,
Brunei,1961,
Brunei,1962,
Brunei,1963,
Brunei,1964,
Brunei,1965,
Brunei,1966,
Brunei,1967,
Brunei,1968,
Brunei,1969,
Brunei,1970,
Brunei,1971,5.0
Brunei,1972,3.82
Brunei,1973,3.28
Brunei,1974,2.03
Brunei,1975,3.53
Brunei,1976,4.76
Brunei,1977,4.14
Brunei,1978,4.6
Brunei,1979,6.12
Brunei,1980,2.89
Brunei,1981,3.56
Brunei,1982,3.96
Brunei,1983,3.05
Brunei,1984,2.57
Brunei,1985,2.89
Brunei,1986,4.67
Brunei,1987,3.79
Brunei,1988,6.63
Brunei,1989,6.21
Brunei,1990,6.44
Brunei,1991,6.4
Brunei,1992,6.25
Brunei,1993,5.74
Brunei,1994,5.98
Brunei,1995,5.48
Brunei,1996,6.25
Brunei,1997,7.18
Brunei,1998,7.53
Brunei,1999,6.13
Brunei,2000,4.07
Brunei,2001,3.89
Brunei,2002,3.87
Brunei,2003,3.71
Brunei,2004,2.53
Brunei,2005,2.35
Brunei,2006,2.3
Brunei,2007,2.38
Brunei,2008,2.26
Brunei,2009,2.94
Brunei,2010,2.85
Brunei,2011,2.24
Brunei,2012,2.16
Brunei,2013,2.28
Brunei,2014,3.09
Brunei,2015,3.28
Brunei,2016,3.54
Brunei,2017,2.87
Brunei,2018,2.64
Brunei,2019,3.08
Brunei,2020,3.63
Brunei,2021,3.24
Brunei,2022,2.61
Brunei,2023,2.98
Brunei,2024,3.58
Bulgaria,1949,
Bulgaria,1950,
Bulgaria,1951,
Bulgaria,1952,
Bulgaria,1953,
Bulgaria,1954,
Bulgaria,1955,
Bulgaria,1956,
Bulgaria,1957,
Bulgaria,1958,
Bulgaria,1959,
Bulgaria,1960,
Bulgaria,1961,
Bulgaria,1962,
Bulgaria,1963,
Bulgaria,1964,
Bulgaria,1965,
Bulgaria,1966,
Bulgaria,1967,
Bulgaria,1968,
Bulgaria,1969,
Bulgaria,1970,
Bulgaria,1971,
Bulgaria,1972,
Bulgaria,1973,
Bulgaria,1974,
Bulgaria,1975,
Bulgaria,1976,
Bulgaria,1977,
Bulgaria,1978,
Bulgaria,1979,
Bulgaria,1980,
Bulgaria,1981,
Bulgaria,1982,
Bulgaria,1983,
Bulgaria,1984,
Bulgaria,1985,
Bulgaria,1986,
Bulgaria,1987,
Bulgaria,1988,
Bulgaria,1989,4.4
Bulgaria,1990,3.83
Bulgaria,1991,3.04
Bulgaria,1992,2.97
Bulgaria,1993,2.61
Bulgaria,1994,2.49
Bulgaria,1995,1.64
Bulgaria,1996,1.74
Bulgaria,1997,2.16
Bulgaria,1998,2.13
Bulgaria,1999,2.62
Bulgaria,2000,2.65
Bulgaria,2001,2.86
Bulgaria,2002,2.78
Bulgaria,2003,2.69
Bulgaria,2004,2.37
Bulgaria,2005,2.24
Bulgaria,2006,2.08
Bulgaria,2007,2.23
Bulgaria,2008,2.13
Bulgaria,2009,1.74
Bulgaria,2010,1.64
Bulgaria,2011,1.31
Bulgaria,2012,1.33
Bulgaria,2013,1.45
Bulgaria,2014,1.31
Bulgaria,2015,1.25
Bulgaria,2016,1.24
Bulgaria,2017,1.22
Bulgaria,2018,1.45
Bulgaria,2019,3.14
Bulgaria,2020,1.59
Bulgaria,2021,1.51
Bulgaria,2022,1.59
Bulgaria,2023,1.94
Bulgaria,2024,2.15
Burkina Faso,1949,
Burkina Faso,1950,
Burkina Faso,1951,
Burkina Faso,1952,
Burkina Faso,1953,
Burkina Faso,1954,
Burkina Faso,1955,
Burkina Faso,1956,
Burkina Faso,1957,
Burkina Faso,1958,
Burkina Faso,1959,
Burkina Faso,1960,0.68
Burkina Faso,1961,0.83
Burkina Faso,1962,2.35
Burkina Faso,1963,2.38
Burkina Faso,1964,2.61
Burkina Faso,1965,1.52
Burkina Faso,1966,1.65
Burkina Faso,1967,1.33
Burkina Faso,1968,1.18
Burkina Faso,1969,1.25
Burkina Faso,1970,1.17
Burkina Faso,1971,1.18
Burkina Faso,1972,1.14
Burkina Faso,1973,1.24
Burkina Faso,1974,1.15
Burkina Faso,1975,2.81
Burkina Faso,1976,3.12
Burkina Faso,1977,3.04
Burkina Faso,1978,3.28
Burkina Faso,1979,2.7
Burkina Faso,1980,2.75
Burkina Faso,1981,2.84
Burkina Faso,1982,3.0
Burkina Faso,1983,2.93
Burkina Faso,1984,3.02
Burkina Faso,1985,1.84
Burkina Faso,1986,2.62
Burkina Faso,1987,2.25
Burkina Faso,1988,2.31
Burkina Faso,1989,2.74
Burkina Faso,1990,2.7
Burkina Faso,1991,2.17
Burkina Faso,1992,2.05
Burkina Faso,1993,1.86
Burkina Faso,1994,1.42
Burkina Faso,1995,1.38
Burkina Faso,1996,1.29
Burkina Faso,1997,1.42
Burkina Faso,1998,1.28
Burkina Faso,1999,1.23
Burkina Faso,2000,1.24
Burkina Faso,2001,1.16
Burkina Faso,2002,1.18
Burkina Faso,2003,1.07
Burkina Faso,2004,1.21
Burkina Faso,2005,1.2
Burkina Faso,2006,1.11
Burkina Faso,2007,1.42
Burkina Faso,2008,1.24
Burkina Faso,2009,1.35
Burkina Faso,2010,1.22
Burkina Faso,2011,1.15
Burkina Faso,2012,1.18
Burkina Faso,2013,1.24
Burkina Faso,2014,1.27
Burkina Faso,2015,1.25
Burkina Faso,2016,1.17
Burkina Faso,2017,1.36
Burkina Faso,2018,1.93
Burkina Faso,2019,2.21
Burkina Faso,2020,2.11
Burkina Faso,2021,2.33
Burkina Faso,2022,2.98
Burkina Faso,2023,4.08
Burkina Faso,2024,4.68
Burundi,1949,
Burundi,1950,
Burundi,1951,
Burundi,1952,
Burundi,1953,
Burundi,1954,
Burundi,1955,
Burundi,1956,
Burundi,1957,
Burundi,1958,
Burundi,1959,
Burundi,1960,
Burundi,1961,0.19
Burundi,1962,3.94
Burundi,1963,0.43
Burundi,1964,0.45
Burundi,1965,1.35
Burundi,1966,1.38
Burundi,1967,1.33
Burundi,1968,1.41
Burundi,1969,1.75
Burundi,1970,
Burundi,1971,1.03
Burundi,1972,1.46
Burundi,1973,1.95
Burundi,1974,2.23
Burundi,1975,2.06
Burundi,1976,2.22
Burundi,1977,2.53
Burundi,1978,2.8
Burundi,1979,2.64
Burundi,1980,2.92
Burundi,1981,3.03
Burundi,1982,3.51
Burundi,1983,3.1
Burundi,1984,2.98
Burundi,1985,2.75
Burundi,1986,2.81
Burundi,1987,2.65
Burundi,1988,3.15
Burundi,1989,3.35
Burundi,1990,3.45
Burundi,1991,3.79
Burundi,1992,3.6
Burundi,1993,3.72
Burundi,1994,3.92
Burundi,1995,4.21
Burundi,1996,5.86
Burundi,1997,6.36
Burundi,1998,6.57
Burundi,1999,6.26
Burundi,2000,4.86
Burundi,2001,6.07
Burundi,2002,5.44
Burundi,2003,5.53
Burundi,2004,4.9
Burundi,2005,4.44
Burundi,2006,3.51
Burundi,2007,3.41
Burundi,2008,2.72
Burundi,2009,
Burundi,2010,
Burundi,2011,
Burundi,2012,2.53
Burundi,2013,2.48
Burundi,2014,2.3
Burundi,2015,2.13
Burundi,2016,2.24
Burundi,2017,2.0
Burundi,2018,2.15
Burundi,2019,2.81
Burundi,2020,2.19
Burundi,2021,2.04
Burundi,2022,2.6
Burundi,2023,3.43
Burundi,2024,3.8
Cambodia,1949,
Cambodia,1950,
Cambodia,1951,
Cambodia,1952,
Cambodia,1953,
Cambodia,1954,
Cambodia,1955,
Cambodia,1956,
Cambodia,1957,
Cambodia,1958,
Cambodia,1959,
Cambodia,1960,
Cambodia,1961,
Cambodia,1962,
Cambodia,1963,
Cambodia,1964,
Cambodia,1965,
Cambodia,1966,
Cambodia,1967,
Cambodia,1968,
Cambodia,1969,
Cambodia,1970,
Cambodia,1971,
Cambodia,1972,
Cambodia,1973,
Cambodia,1974,
Cambodia,1975,
Cambodia,1976,
Cambodia,1977,
Cambodia,1978,
Cambodia,1979,
Cambodia,1980,
Cambodia,1981,
Cambodia,1982,
Cambodia,1983,
Cambodia,1984,
Cambodia,1985,
Cambodia,1986,1.15
Cambodia,1987,1.57
Cambodia,1988,1.28
Cambodia,1989,1.99
Cambodia,1990,2.07
Cambodia,1991,2.33
Cambodia,1992,3.15
Cambodia,1993,1.76
Cambodia,1994,3.84
Cambodia,1995,3.58
Cambodia,1996,3.24
Cambodia,1997,3.0
Cambodia,1998,2.66
Cambodia,1999,2.51
Cambodia,2000,2.19
Cambodia,2001,1.71
Cambodia,2002,1.45
Cambodia,2003,1.34
Cambodia,2004,1.18
Cambodia,2005,1.0
Cambodia,2006,0.91
Cambodia,2007,0.78
Cambodia,2008,0.68
Cambodia,2009,1.09
Cambodia,2010,1.22
Cambodia,2011,1.2
Cambodia,2012,1.22
Cambodia,2013,1.23
Cambodia,2014,1.26
Cambodia,2015,1.35
Cambodia,2016,1.44
Cambodia,2017,1.56
Cambodia,2018,1.64
Cambodia,2019,1.62
Cambodia,2020,1.78
Cambodia,2021,1.7
Cambodia,2022,1.54
Cambodia,2023,1.54
Cambodia,2024,1.52
Cameroon,1949,
Cameroon,1950,
Cameroon,1951,
Cameroon,1952,
Cameroon,1953,
Cameroon,1954,
Cameroon,1955,
Cameroon,1956,
Cameroon,1957,
Cameroon,1958,
Cameroon,1959,
Cameroon,1960,
Cameroon,1961,
Cameroon,1962,
Cameroon,1963,
Cameroon,1964,
Cameroon,1965,
Cameroon,1966,
Cameroon,1967,
Cameroon,1968,
Cameroon,1969,
Cameroon,1970,1.87
Cameroon,1971,1.84
Cameroon,1972,1.76
Cameroon,1973,1.76
Cameroon,1974,1.69
Cameroon,1975,1.73
Cameroon,1976,1.76
Cameroon,1977,1.72
Cameroon,1978,1.67
Cameroon,1979,1.66
Cameroon,1980,1.56
Cameroon,1981,1.82
Cameroon,1982,1.99
Cameroon,1983,1.89
Cameroon,1984,1.74
Cameroon,1985,1.34
Cameroon,1986,1.22
Cameroon,1987,1.25
Cameroon,1988,1.28
Cameroon,1989,1.33
Cameroon,1990,1.47
Cameroon,1991,1.51
Cameroon,1992,1.53
Cameroon,1993,1.33
Cameroon,1994,1.31
Cameroon,1995,1.25
Cameroon,1996,1.22
Cameroon,1997,1.3
Cameroon,1998,1.4
Cameroon,1999,1.44
Cameroon,2000,1.32
Cameroon,2001,1.29
Cameroon,2002,1.34
Cameroon,2003,1.38
Cameroon,2004,1.4
Cameroon,2005,1.14
Cameroon,2006,1.23
Cameroon,2007,1.24
Cameroon,2008,1.26
Cameroon,2009,1.23
Cameroon,2010,1.29
Cameroon,2011,1.14
Cameroon,2012,1.18
Cameroon,2013,1.17
Cameroon,2014,1.1
Cameroon,2015,1.1
Cameroon,2016,1.15
Cameroon,2017,1.14
Cameroon,2018,1.08
Cameroon,2019,1.06
Cameroon,2020,0.96
Cameroon,2021,0.99
Cameroon,2022,0.94
Cameroon,2023,0.93
Cameroon,2024,1.01
Canada,1949,
Canada,1950,2.43
Canada,1951,4.66
Canada,1952,6.8
Canada,1953,7.37
Canada,1954,6.86
Canada,1955,6.18
Canada,1956,5.69
Canada,1957,5.35
Canada,1958,4.94
Canada,1959,4.4
Canada,1960,4.19
Canada,1961,4.13
Canada,1962,4.0
Canada,1963,3.62
Canada,1964,3.4
Canada,1965,2.93
Canada,1966,2.68
Canada,1967,2.75
Canada,1968,2.54
Canada,1969,2.27
Canada,1970,2.19
Canada,1971,2.13
Canada,1972,2.01
Canada,1973,1.83
Canada,1974,1.78
Canada,1975,1.86
Canada,1976,1.77
Canada,1977,1.81
Canada,1978,1.85
Canada,1979,1.71
Canada,1980,1.76
Canada,1981,1.71
Canada,1982,1.95
Canada,1983,2.08
Canada,1984,2.12
Canada,1985,2.1
Canada,1986,2.11
Canada,1987,2.06
Canada,1988,1.99
Canada,1989,1.93
Canada,1990,1.96
Canada,1991,1.9
Canada,1992,1.86
Canada,1993,1.82
Canada,1994,1.7
Canada,1995,1.55
Canada,1996,1.4
Canada,1997,1.25
Canada,1998,1.26
Canada,1999,1.24
Canada,2000,1.11
Canada,2001,1.13
Canada,2002,1.12
Canada,2003,1.11
Canada,2004,1.1
Canada,2005,1.11
Canada,2006,1.12
Canada,2007,1.19
Canada,2008,1.25
Canada,2009,1.38
Canada,2010,1.19
Canada,2011,1.19
Canada,2012,1.12
Canada,2013,1.0
Canada,2014,0.99
Canada,2015,1.15
Canada,2016,1.16
Canada,2017,1.35
Canada,2018,1.32
Canada,2019,1.28
Canada,2020,1.39
Canada,2021,1.25
Canada,2022,1.17
Canada,2023,1.25
Canada,2024,1.31
Cape Verde,1949,
Cape Verde,1950,
Cape Verde,1951,
Cape Verde,1952,
Cape Verde,1953,
Cape Verde,1954,
Cape Verde,1955,
Cape Verde,1956,
Cape Verde,1957,
Cape Verde,1958,
Cape Verde,1959,
Cape Verde,1960,
Cape Verde,1961,
Cape Verde,1962,
Cape Verde,1963,
Cape Verde,1964,
Cape Verde,1965,
Cape Verde,1966,
Cape Verde,1967,
Cape Verde,1968,
Cape Verde,1969,
Cape Verde,1970,
Cape Verde,1971,
Cape Verde,1972,
Cape Verde,1973,
Cape Verde,1974,
Cape Verde,1975,
Cape Verde,1976,
Cape Verde,1977,
Cape Verde,1978,
Cape Verde,1979,
Cape Verde,1980,
Cape Verde,1981,
Cape Verde,1982,
Cape Verde,1983,
Cape Verde,1984,2.79
Cape Verde,1985,2.46
Cape Verde,1986,2.34
Cape Verde,1987,2.1
Cape Verde,1988,1.91
Cape Verde,1989,
Cape Verde,1990,
Cape Verde,1991,
Cape Verde,1992,0.99
Cape Verde,1993,0.76
Cape Verde,1994,0.84
Cape Verde,1995,1.27
Cape Verde,1996,0.84
Cape Verde,1997,0.83
Cape Verde,1998,0.86
Cape Verde,1999,0.84
Cape Verde,2000,1.15
Cape Verde,2001,0.75
Cape Verde,2002,0.67
Cape Verde,2003,0.65
Cape Verde,2004,0.63
Cape Verde,2005,0.65
Cape Verde,2006,0.56
Cape Verde,2007,0.48
Cape Verde,2008,0.55
Cape Verde,2009,0.45
Cape Verde,2010,0.45
Cape Verde,2011,0.48
Cape Verde,2012,0.51
Cape Verde,2013,0.48
Cape Verde,2014,0.49
Cape Verde,2015,0.51
Cape Verde,2016,0.55
Cape Verde,2017,0.47
Cape Verde,2018,0.49
Cape Verde,2019,0.43
Cape Verde,2020,0.62
Cape Verde,2021,0.55
Cape Verde,2022,0.46
Cape Verde,2023,0.57
Cape Verde,2024,0.62
Central African Republic,1949,
Central African Republic,1950,
Central African Republic,1951,
Central African Republic,1952,
Central African Republic,1953,
Central African Republic,1954,
Central African Republic,1955,
Central African Republic,1956,
Central African Republic,1957,
Central African Republic,1958,
Central African Republic,1959,
Central African Republic,1960,
Central African Republic,1961,
Central African Republic,1962,
Central African Republic,1963,
Central African Republic,1964,
Central African Republic,1965,
Central African Republic,1966,
Central African Republic,1967,
Central African Republic,1968,
Central African Republic,1969,
Central African Republic,1970,
Central African Republic,1971,
Central African Republic,1972,
Central African Republic,1973,
Central African Republic,1974,
Central African Republic,1975,
Central African Republic,1976,
Central African Republic,1977,
Central African Republic,1978,
Central African Republic,1979,
Central African Republic,1980,
Central African Republic,1981,
Central African Republic,1982,
Central African Republic,1983,
Central African Republic,1984,
Central African Republic,1985,
Central African Republic,1986,
Central African Republic,1987,
Central African Republic,1988,
Central African Republic,1989,
Central African Republic,1990,
Central African Republic,1991,1.57
Central African Republic,1992,1.64
Central African Republic,1993,1.5
Central African Republic,1994,1.26
Central African Republic,1995,1.17
Central African Republic,1996,1.21
Central African Republic,1997,
Central African Republic,1998,
Central African Republic,1999,
Central African Republic,2000,
Central African Republic,2001,
Central African Republic,2002,1.09
Central African Republic,2003,1.26
Central African Republic,2004,1.15
Central African Republic,2005,1.09
Central African Republic,2006,
Central African Republic,2007,1.09
Central African Republic,2008,1.55
Central African Republic,2009,1.75
Central African Republic,2010,2.41
Central African Republic,2011,2.05
Central African Republic,2012,1.7
Central African Republic,2013,2.83
Central African Republic,2014,2.03
Central African Republic,2015,1.58
Central African Republic,2016,1.47
Central African Republic,2017,1.34
Central African Republic,2018,1.34
Central African Republic,2019,1.79
Central African Republic,2020,1.86
Central African Republic,2021,2.15
Central African Republic,2022,1.71
Central African Republic,2023,2.38
Central African Republic,2024,2.52
Chad,1949,
Chad,1950,
Chad,1951,
Chad,1952,
Chad,1953,
Chad,1954,
Chad,1955,
Chad,1956,
Chad,1957,
Chad,1958,
Chad,1959,
Chad,1960,
Chad,1961,
Chad,1962,
Chad,1963,
Chad,1964,
Chad,1965,
Chad,1966,
Chad,1967,
Chad,1968,
Chad,1969,
Chad,1970,
Chad,1971,
Chad,1972,
Chad,1973,
Chad,1974,
Chad,1975,
Chad,1976,
Chad,1977,
Chad,1978,
Chad,1979,
Chad,1980,
Chad,1981,
Chad,1982,
Chad,1983,3.12
Chad,1984,2.95
Chad,1985,2.82
Chad,1986,2.96
Chad,1987,1.83
Chad,1988,3.56
Chad,1989,2.73
Chad,1990,1.38
Chad,1991,
Chad,1992,1.37
Chad,1993,1.75
Chad,1994,1.22
Chad,1995,0.9
Chad,1996,1.0
Chad,1997,0.7
Chad,1998,0.6
Chad,1999,0.89
Chad,2000,1.0
Chad,2001,0.99
Chad,2002,1.12
Chad,2003,0.97
Chad,2004,0.74
Chad,2005,0.61
Chad,2006,2.18
Chad,2007,3.25
Chad,2008,4.28
Chad,2009,5.7
Chad,2010,4.32
Chad,2011,3.76
Chad,2012,
Chad,2013,4.29
Chad,2014,2.16
Chad,2015,1.52
Chad,2016,2.31
Chad,2017,1.66
Chad,2018,1.65
Chad,2019,1.57
Chad,2020,2.21
Chad,2021,2.08
Chad,2022,2.04
Chad,2023,2.12
Chad,2024,2.98
Chile,1949,
Chile,1950,2.64
Chile,1951,3.07
Chile,1952,2.57
Chile,1953,2.78
Chile,1954,1.69
Chile,1955,2.3
Chile,1956,2.3
Chile,1957,3.05
Chile,1958,2.7
Chile,1959,2.15
Chile,1960,3.12
Chile,1961,3.53
Chile,1962,3.04
Chile,1963,2.87
Chile,1964,2.64
Chile,1965,2.89
Chile,1966,2.74
Chile,1967,2.71
Chile,1968,2.53
Chile,1969,2.26
Chile,1970,4.45
Chile,1971,6.26
Chile,1972,6.63
Chile,1973,6.28
Chile,1974,7.11
Chile,1975,6.74
Chile,1976,6.09
Chile,1977,6.92
Chile,1978,6.73
Chile,1979,6.33
Chile,1980,6.48
Chile,1981,7.02
Chile,1982,8.88
Chile,1983,7.58
Chile,1984,7.61
Chile,1985,6.9
Chile,1986,6.29
Chile,1987,5.64
Chile,1988,4.14
Chile,1989,3.59
Chile,1990,3.4
Chile,1991,2.85
Chile,1992,2.63
Chile,1993,2.71
Chile,1994,2.6
Chile,1995,2.56
Chile,1996,2.42
Chile,1997,2.47
Chile,1998,2.58
Chile,1999,2.7
Chile,2000,2.69
Chile,2001,2.65
Chile,2002,2.53
Chile,2003,2.7
Chile,2004,2.71
Chile,2005,2.53
Chile,2006,2.51
Chile,2007,2.33
Chile,2008,2.58
Chile,2009,2.28
Chile,2010,2.25
Chile,2011,2.26
Chile,2012,2.05
Chile,2013,1.99
Chile,2014,1.97
Chile,2015,1.91
Chile,2016,1.92
Chile,2017,1.94
Chile,2018,1.88
Chile,2019,1.86
Chile,2020,2.07
Chile,2021,1.65
Chile,2022,1.54
Chile,2023,1.63
Chile,2024,1.58
China,1949,
China,1950,
China,1951,
China,1952,
China,1953,
China,1954,
China,1955,
China,1956,
China,1957,
China,1958,
China,1959,
China,1960,
China,1961,
China,1962,
China,1963,
China,1964,
China,1965,
China,1966,
China,1967,
China,1968,
China,1969,
China,1970,
China,1971,
China,1972,
China,1973,
China,1974,
China,1975,
China,1976,
China,1977,
China,1978,
China,1979,
China,1980,
China,1981,
China,1982,
China,1983,
China,1984,
China,1985,
China,1986,
China,1987,
China,1988,
China,1989,2.45
China,1990,2.45
China,1991,2.31
China,1992,2.45
China,1993,1.93
China,1994,1.69
China,1995,1.69
China,1996,1.65
China,1997,1.63
China,1998,1.66
China,1999,1.87
China,2000,1.84
China,2001,1.98
China,2002,2.06
China,2003,2.0
China,2004,1.94
China,2005,1.87
China,2006,1.87
China,2007,1.75
China,2008,1.72
China,2009,1.89
China,2010,1.73
China,2011,1.66
China,2012,1.7
China,2013,1.71
China,2014,1.74
China,2015,1.78
China,2016,1.77
China,2017,1.71
China,2018,1.67
China,2019,1.68
China,2020,1.76
China,2021,1.61
China,2022,1.63
China,2023,1.66
China,2024,1.71
Colombia,1949,
Colombia,1950,
Colombia,1951,
Colombia,1952,
Colombia,1953,
Colombia,1954,
Colombia,1955,
Colombia,1956,
Colombia,1957,
Colombia,1958,2.35
Colombia,1959,1.83
Colombia,1960,1.88
Colombia,1961,2.14
Colombia,1962,3.1
Colombia,1963,3.52
Colombia,1964,3.18
Colombia,1965,3.19
Colombia,1966,3.17
Colombia,1967,3.12
Colombia,1968,2.39
Colombia,1969,2.05
Colombia,1970,2.26
Colombia,1971,3.37
Colombia,1972,1.97
Colombia,1973,1.69
Colombia,1974,1.58
Colombia,1975,1.74
Colombia,1976,1.49
Colombia,1977,1.44
Colombia,1978,1.55
Colombia,1979,1.67
Colombia,1980,1.83
Colombia,1981,1.76
Colombia,1982,1.71
Colombia,1983,2.22
Colombia,1984,2.33
Colombia,1985,2.05
Colombia,1986,1.94
Colombia,1987,1.98
Colombia,1988,2.2
Colombia,1989,2.19
Colombia,1990,1.86
Colombia,1991,1.85
Colombia,1992,2.11
Colombia,1993,2.53
Colombia,1994,2.51
Colombia,1995,2.83
Colombia,1996,4.45
Colombia,1997,2.8
Colombia,1998,3.44
Colombia,1999,3.76
Colombia,2000,3.03
Colombia,2001,3.32
Colombia,2002,3.42
Colombia,2003,3.46
Colombia,2004,3.47
Colombia,2005,3.37
Colombia,2006,3.3
Colombia,2007,3.29
Colombia,2008,3.74
Colombia,2009,3.89
Colombia,2010,3.64
Colombia,2011,3.08
Colombia,2012,3.16
Colombia,2013,3.27
Colombia,2014,3.11
Colombia,2015,3.11
Colombia,2016,3.07
Colombia,2017,3.21
Colombia,2018,3.03
Colombia,2019,3.15
Colombia,2020,3.53
Colombia,2021,3.2
Colombia,2022,2.8
Colombia,2023,2.97
Colombia,2024,3.36
Congo,1949,
Congo,1950,
Congo,1951,
Congo,1952,
Congo,1953,
Congo,1954,
Congo,1955,
Congo,1956,
Congo,1957,
Congo,1958,
Congo,1959,
Congo,1960,
Congo,1961,
Congo,1962,
Congo,1963,
Congo,1964,
Congo,1965,
Congo,1966,
Congo,1967,
Congo,1968,
Congo,1969,
Congo,1970,4.86
Congo,1971,4.6
Congo,1972,3.53
Congo,1973,4.22
Congo,1974,4.24
Congo,1975,4.5
Congo,1976,4.73
Congo,1977,4.95
Congo,1978,4.32
Congo,1979,4.39
Congo,1980,3.37
Congo,1981,3.19
Congo,1982,3.35
Congo,1983,
Congo,1984,2.25
Congo,1985,2.58
Congo,1986,
Congo,1987,4.37
Congo,1988,
Congo,1989,
Congo,1990,
Congo,1991,
Congo,1992,3.83
Congo,1993,3.64
Congo,1994,
Congo,1995,
Congo,1996,
Congo,1997,
Congo,1998,
Congo,1999,
Congo,2000,
Congo,2001,1.79
Congo,2002,2.12
Congo,2003,2.43
Congo,2004,2.44
Congo,2005,1.52
Congo,2006,1.57
Congo,2007,1.92
Congo,2008,1.79
Congo,2009,
Congo,2010,1.66
Congo,2011,
Congo,2012,
Congo,2013,2.04
Congo,2014,3.94
Congo,2015,
Congo,2016,4.59
Congo,2017,3.18
Congo,2018,1.98
Congo,2019,2.15
Congo,2020,2.6
Congo,2021,2.34
Congo,2022,1.91
Congo,2023,1.98
Congo,2024,1.19
Costa Rica,1949,
Costa Rica,1950,
Costa Rica,1951,
Costa Rica,1952,
Costa Rica,1953,
Costa Rica,1954,
Costa Rica,1955,
Costa Rica,1956,
Costa Rica,1957,
Costa Rica,1958,
Costa Rica,1959,
Costa Rica,1960,
Costa Rica,1961,
Costa Rica,1962,
Costa Rica,1963,
Costa Rica,1964,
Costa Rica,1965,
Costa Rica,1966,
Costa Rica,1967,
Costa Rica,1968,
Costa Rica,1969,
Costa Rica,1970,
Costa Rica,1971,
Costa Rica,1972,
Costa Rica,1973,
Costa Rica,1974,
Costa Rica,1975,
Costa Rica,1976,
Costa Rica,1977,
Costa Rica,1978,
Costa Rica,1979,
Costa Rica,1980,
Costa Rica,1981,
Costa Rica,1982,
Costa Rica,1983,
Costa Rica,1984,
Costa Rica,1985,
Costa Rica,1986,
Costa Rica,1987,
Costa Rica,1988,
Costa Rica,1989,
Costa Rica,1990,
Costa Rica,1991,
Costa Rica,1992,
Costa Rica,1993,
Costa Rica,1994,
Costa Rica,1995,
Costa Rica,1996,
Costa Rica,1997,
Costa Rica,1998,
Costa Rica,1999,
Costa Rica,2000,
Costa Rica,2001,
Costa Rica,2002,
Costa Rica,2003,
Costa Rica,2004,
Costa Rica,2005,
Costa Rica,2006,
Costa Rica,2007,
Costa Rica,2008,
Costa Rica,2009,
Costa Rica,2010,
Costa Rica,2011,
Costa Rica,2012,
Costa Rica,2013,
Costa Rica,2014,
Costa Rica,2015,
Costa Rica,2016,
Costa Rica,2017,
Costa Rica,2018,
Costa Rica,2019,
Costa Rica,2020,
Costa Rica,2021,
Costa Rica,2022,
Costa Rica,2023,
Costa Rica,2024,
Cote d'Ivoire,1949,
Cote d'Ivoire,1950,
Cote d'Ivoire,1951,
Cote d'Ivoire,1952,
Cote d'Ivoire,1953,
Cote d'Ivoire,1954,
Cote d'Ivoire,1955,
Cote d'Ivoire,1956,
Cote d'Ivoire,1957,
Cote d'Ivoire,1958,
Cote d'Ivoire,1959,
Cote d'Ivoire,1960,
Cote d'Ivoire,1961,
Cote d'Ivoire,1962,1.28
Cote d'Ivoire,1963,1.0
Cote d'Ivoire,1964,1.14
Cote d'Ivoire,1965,1.32
Cote d'Ivoire,1966,1.26
Cote d'Ivoire,1967,1.31
Cote d'Ivoire,1968,1.16
Cote d'Ivoire,1969,1.15
Cote d'Ivoire,1970,1.18
Cote d'Ivoire,1971,1.5
Cote d'Ivoire,1972,1.7
Cote d'Ivoire,1973,1.13
Cote d'Ivoire,1974,1.34
Cote d'Ivoire,1975,1.18
Cote d'Ivoire,1976,1.12
Cote d'Ivoire,1977,0.79
Cote d'Ivoire,1978,1.1
Cote d'Ivoire,1979,1.12
Cote d'Ivoire,1980,1.16
Cote d'Ivoire,1981,1.09
Cote d'Ivoire,1982,1.14
Cote d'Ivoire,1983,1.12
Cote d'Ivoire,1984,1.03
Cote d'Ivoire,1985,1.0
Cote d'Ivoire,1986,1.05
Cote d'Ivoire,1987,1.22
Cote d'Ivoire,1988,1.25
Cote d'Ivoire,1989,1.33
Cote d'Ivoire,1990,0.96
Cote d'Ivoire,1991,0.99
Cote d'Ivoire,1992,1.02
Cote d'Ivoire,1993,0.97
Cote d'Ivoire,1994,0.73
Cote d'Ivoire,1995,
Cote d'Ivoire,1996,0.61
Cote d'Ivoire,1997,0.58
Cote d'Ivoire,1998,
Cote d'Ivoire,1999,
Cote d'Ivoire,2000,
Cote d'Ivoire,2001,
Cote d'Ivoire,2002,
Cote d'Ivoire,2003,1.01
Cote d'Ivoire,2004,1.1
Cote d'Ivoire,2005,1.06
Cote d'Ivoire,2006,1.09
Cote d'Ivoire,2007,1.15
Cote d'Ivoire,2008,1.1
Cote d'Ivoire,2009,1.25
Cote d'Ivoire,2010,1.13
Cote d'Ivoire,2011,1.01
Cote d'Ivoire,2012,1.1
Cote d'Ivoire,2013,1.0
Cote d'Ivoire,2014,1.07
Cote d'Ivoire,2015,1.24
Cote d'Ivoire,2016,1.25
Cote d'Ivoire,2017,0.97
Cote d'Ivoire,2018,1.04
Cote d'Ivoire,2019,0.89
Cote d'Ivoire,2020,0.96
Cote d'Ivoire,2021,0.88
Cote d'Ivoire,2022,0.87
Cote d'Ivoire,2023,0.86
Cote d'Ivoire,2024,0.76
Croatia,1949,
Croatia,1950,
Croatia,1951,
Croatia,1952,
Croatia,1953,
Croatia,1954,
Croatia,1955,
Croatia,1956,
Croatia,1957,
Croatia,1958,
Croatia,1959,
Croatia,1960,
Croatia,1961,
Croatia,1962,
Croatia,1963,
Croatia,1964,
Croatia,1965,
Croatia,1966,
Croatia,1967,
Croatia,1968,
Croatia,1969,
Croatia,1970,
Croatia,1971,
Croatia,1972,
Croatia,1973,
Croatia,1974,
Croatia,1975,
Croatia,1976,
Croatia,1977,
Croatia,1978,
Croatia,1979,
Croatia,1980,
Croatia,1981,
Croatia,1982,
Croatia,1983,
Croatia,1984,
Croatia,1985,
Croatia,1986,
Croatia,1987,
Croatia,1988,
Croatia,1989,
Croatia,1990,
Croatia,1991,
Croatia,1992,7.61
Croatia,1993,10.73
Croatia,1994,11.15
Croatia,1995,9.1
Croatia,1996,8.08
Croatia,1997,7.48
Croatia,1998,5.55
Croatia,1999,4.38
Croatia,2000,3.02
Croatia,2001,2.71
Croatia,2002,2.71
Croatia,2003,2.03
Croatia,2004,1.74
Croatia,2005,1.74
Croatia,2006,1.67
Croatia,2007,1.61
Croatia,2008,1.82
Croatia,2009,1.77
Croatia,2010,1.67
Croatia,2011,1.74
Croatia,2012,1.66
Croatia,2013,1.61
Croatia,2014,1.81
Croatia,2015,1.75
Croatia,2016,1.59
Croatia,2017,1.63
Croatia,2018,1.54
Croatia,2019,1.6
Croatia,2020,1.7
Croatia,2021,1.97
Croatia,2022,1.8
Croatia,2023,1.71
Croatia,2024,1.79
Cuba,1949,
Cuba,1950,
Cuba,1951,
Cuba,1952,
Cuba,1953,
Cuba,1954,
Cuba,1955,
Cuba,1956,
Cuba,1957,
Cuba,1958,
Cuba,1959,
Cuba,1960,
Cuba,1961,
Cuba,1962,
Cuba,1963,
Cuba,1964,
Cuba,1965,
Cuba,1966,
Cuba,1967,
Cuba,1968,
Cuba,1969,
Cuba,1970,
Cuba,1971,
Cuba,1972,
Cuba,1973,
Cuba,1974,
Cuba,1975,
Cuba,1976,
Cuba,1977,
Cuba,1978,
Cuba,1979,
Cuba,1980,
Cuba,1981,
Cuba,1982,
Cuba,1983,
Cuba,1984,
Cuba,1985,
Cuba,1986,
Cuba,1987,
Cuba,1988,
Cuba,1989,
Cuba,1990,
Cuba,1991,
Cuba,1992,
Cuba,1993,
Cuba,1994,
Cuba,1995,
Cuba,1996,
Cuba,1997,
Cuba,1998,
Cuba,1999,
Cuba,2000,
Cuba,2001,
Cuba,2002,
Cuba,2003,
Cuba,2004,
Cuba,2005,
Cuba,2006,
Cuba,2007,
Cuba,2008,
Cuba,2009,3.38
Cuba,2010,3.33
Cuba,2011,3.08
Cuba,2012,3.94
Cuba,2013,3.51
Cuba,2014,3.54
Cuba,2015,3.08
Cuba,2016,3.07
Cuba,2017,2.87
Cuba,2018,2.88
Cuba,2019,
Cuba,2020,
Cuba,2021,
Cuba,2022,
Cuba,2023,
Cuba,2024,
Cyprus,1949,
Cyprus,1950,
Cyprus,1951,
Cyprus,1952,
Cyprus,1953,
Cyprus,1954,
Cyprus,1955,
Cyprus,1956,
Cyprus,1957,
Cyprus,1958,
Cyprus,1959,
Cyprus,1960,
Cyprus,1961,
Cyprus,1962,
Cyprus,1963,
Cyprus,1964,
Cyprus,1965,
Cyprus,1966,
Cyprus,1967,
Cyprus,1968,
Cyprus,1969,
Cyprus,1970,
Cyprus,1971,
Cyprus,1972,
Cyprus,1973,
Cyprus,1974,
Cyprus,1975,
Cyprus,1976,
Cyprus,1977,
Cyprus,1978,
Cyprus,1979,
Cyprus,1980,
Cyprus,1981,
Cyprus,1982,
Cyprus,1983,
Cyprus,1984,
Cyprus,1985,1.27
Cyprus,1986,1.58
Cyprus,1987,5.39
Cyprus,1988,5.7
Cyprus,1989,5.37
Cyprus,1990,7.37
Cyprus,1991,7.26
Cyprus,1992,9.13
Cyprus,1993,4.07
Cyprus,1994,4.02
Cyprus,1995,3.04
Cyprus,1996,4.52
Cyprus,1997,5.57
Cyprus,1998,4.68
Cyprus,1999,2.73
Cyprus,2000,2.82
Cyprus,2001,3.15
Cyprus,2002,2.13
Cyprus,2003,1.99
Cyprus,2004,1.96
Cyprus,2005,2.04
Cyprus,2006,1.9
Cyprus,2007,1.68
Cyprus,2008,1.63
Cyprus,2009,1.82
Cyprus,2010,1.85
Cyprus,2011,1.74
Cyprus,2012,1.65
Cyprus,2013,1.61
Cyprus,2014,1.54
Cyprus,2015,1.65
Cyprus,2016,1.4
Cyprus,2017,1.57
Cyprus,2018,1.75
Cyprus,2019,1.77
Cyprus,2020,1.9
Cyprus,2021,1.78
Cyprus,2022,1.72
Cyprus,2023,1.65
Cyprus,2024,1.65
Czechia,1949,
Czechia,1950,
Czechia,1951,
Czechia,1952,
Czechia,1953,
Czechia,1954,
Czechia,1955,
Czechia,1956,
Czechia,1957,
Czechia,1958,
Czechia,1959,
Czechia,1960,
Czechia,1961,
Czechia,1962,
Czechia,1963,
Czechia,1964,
Czechia,1965,
Czechia,1966,
Czechia,1967,
Czechia,1968,
Czechia,1969,
Czechia,1970,
Czechia,1971,
Czechia,1972,
Czechia,1973,
Czechia,1974,
Czechia,1975,
Czechia,1976,
Czechia,1977,
Czechia,1978,
Czechia,1979,
Czechia,1980,
Czechia,1981,
Czechia,1982,
Czechia,1983,
Czechia,1984,
Czechia,1985,
Czechia,1986,
Czechia,1987,
Czechia,1988,
Czechia,1989,
Czechia,1990,
Czechia,1991,
Czechia,1992,
Czechia,1993,2.33
Czechia,1994,2.28
Czechia,1995,1.76
Czechia,1996,1.66
Czechia,1997,1.58
Czechia,1998,1.74
Czechia,1999,1.84
Czechia,2000,1.86
Czechia,2001,1.74
Czechia,2002,1.81
Czechia,2003,1.88
Czechia,2004,1.7
Czechia,2005,1.78
Czechia,2006,1.57
Czechia,2007,1.42
Czechia,2008,1.23
Czechia,2009,1.31
Czechia,2010,1.18
Czechia,2011,1.07
Czechia,2012,1.06
Czechia,2013,1.01
Czechia,2014,0.96
Czechia,2015,0.94
Czechia,2016,0.99
Czechia,2017,0.94
Czechia,2018,1.08
Czechia,2019,1.13
Czechia,2020,1.3
Czechia,2021,1.35
Czechia,2022,1.33
Czechia,2023,1.47
Czechia,2024,1.92
Czechoslovakia,1949,
Czechoslovakia,1950,
Czechoslovakia,1951,
Czechoslovakia,1952,
Czechoslovakia,1953,
Czechoslovakia,1954,
Czechoslovakia,1955,
Czechoslovakia,1956,
Czechoslovakia,1957,
Czechoslovakia,1958,
Czechoslovakia,1959,
Czechoslovakia,1960,
Czechoslovakia,1961,
Czechoslovakia,1962,
Czechoslovakia,1963,
Czechoslovakia,1964,
Czechoslovakia,1965,
Czechoslovakia,1966,
Czechoslovakia,1967,
Czechoslovakia,1968,
Czechoslovakia,1969,
Czechoslovakia,1970,
Czechoslovakia,1971,
Czechoslovakia,1972,
Czechoslovakia,1973,
Czechoslovakia,1974,
Czechoslovakia,1975,
Czechoslovakia,1976,
Czechoslovakia,1977,
Czechoslovakia,1978,
Czechoslovakia,1979,
Czechoslovakia,1980,
Czechoslovakia,1981,
Czechoslovakia,1982,
Czechoslovakia,1983,
Czechoslovakia,1984,
Czechoslovakia,1985,
Czechoslovakia,1986,
Czechoslovakia,1987,
Czechoslovakia,1988,
Czechoslovakia,1989,
Czechoslovakia,1990,
Czechoslovakia,1991,
Czechoslovakia,1992,
Czechoslovakia,1993,
Czechoslovakia,1994,
Czechoslovakia,1995,
Czechoslovakia,1996,
Czechoslovakia,1997,
Czechoslovakia,1998,
Czechoslovakia,1999,
Czechoslovakia,2000,
Czechoslovakia,2001,
Czechoslovakia,2002,
Czechoslovakia,2003,
Czechoslovakia,2004,
Czechoslovakia,2005,
Czechoslovakia,2006,
Czechoslovakia,2007,
Czechoslovakia,2008,
Czechoslovakia,2009,
Czechoslovakia,2010,
Czechoslovakia,2011,
Czechoslovakia,2012,
Czechoslovakia,2013,
Czechoslovakia,2014,
Czechoslovakia,2015,
Czechoslovakia,2016,
Czechoslovakia,2017,
Czechoslovakia,2018,
Czechoslovakia,2019,
Czechoslovakia,2020,
Czechoslovakia,2021,
Czechoslovakia,2022,
Czechoslovakia,2023,
Czechoslovakia,2024,
Democratic Republic of Congo,1949,
Democratic Republic of Congo,1950,
Democratic Republic of Congo,1951,
Democratic Republic of Congo,1952,
Democratic Republic of Congo,1953,
Democratic Republic of Congo,1954,
Democratic Republic of Congo,1955,
Democratic Republic of Congo,1956,
Democratic Republic of Congo,1957,
Democratic Republic of Congo,1958,
Democratic Republic of Congo,1959,
Democratic Republic of Congo,1960,
Democratic Republic of Congo,1961,
Democratic Republic of Congo,1962,
Democratic Republic of Congo,1963,
Democratic Republic of Congo,1964,0.0
Democratic Republic of Congo,1965,
Democratic Republic of Congo,1966,0.0
Democratic Republic of Congo,1967,
Democratic Republic of Congo,1968,0.0
Democratic Republic of Congo,1969,0.0
Democratic Republic of Congo,1970,0.0
Democratic Republic of Congo,1971,0.0
Democratic Republic of Congo,1972,0.0
Democratic Republic of Congo,1973,0.0
Democratic Republic of Congo,1974,0.0
Democratic Republic of Congo,1975,0.0
Democratic Republic of Congo,1976,0.0
Democratic Republic of Congo,1977,0.0
Democratic Republic of Congo,1978,0.0
Democratic Republic of Congo,1979,0.0
Democratic Republic of Congo,1980,
Democratic Republic of Congo,1981,
Democratic Republic of Congo,1982,
Democratic Republic of Congo,1983,
Democratic Republic of Congo,1984,
Democratic Republic of Congo,1985,
Democratic Republic of Congo,1986,
Democratic Republic of Congo,1987,
Democratic Republic of Congo,1988,
Democratic Republic of Congo,1989,
Democratic Republic of Congo,1990,
Democratic Republic of Congo,1991,
Democratic Republic of Congo,1992,
Democratic Republic of Congo,1993,5.23
Democratic Republic of Congo,1994,
Democratic Republic of Congo,1995,
Democratic Republic of Congo,1996,1.55
Democratic Republic of Congo,1997,1.41
Democratic Republic of Congo,1998,0.43
Democratic Republic of Congo,1999,1.16
Democratic Republic of Congo,2000,0.22
Democratic Republic of Congo,2001,
Democratic Republic of Congo,2002,
Democratic Republic of Congo,2003,0.88
Democratic Republic of Congo,2004,1.34
Democratic Republic of Congo,2005,1.31
Democratic Republic of Congo,2006,1.32
Democratic Republic of Congo,2007,1.11
Democratic Republic of Congo,2008,0.7
Democratic Republic of Congo,2009,0.65
Democratic Republic of Congo,2010,0.82
Democratic Republic of Congo,2011,0.9
Democratic Republic of Congo,2012,1.11
Democratic Republic of Congo,2013,1.07
Democratic Republic of Congo,2014,0.89
Democratic Republic of Congo,2015,1.22
Democratic Republic of Congo,2016,1.03
Democratic Republic of Congo,2017,0.74
Democratic Republic of Congo,2018,0.61
Democratic Republic of Congo,2019,0.69
Democratic Republic of Congo,2020,0.73
Democratic Republic of Congo,2021,0.53
Democratic Republic of Congo,2022,0.57
Democratic Republic of Congo,2023,1.12
Democratic Republic of Congo,2024,1.23
Denmark,1949,
Denmark,1950,1.66
Denmark,1951,2.05
Denmark,1952,2.74
Denmark,1953,3.36
Denmark,1954,3.19
Denmark,1955,3.18
Denmark,1956,3.03
Denmark,1957,3.08
Denmark,1958,2.88
Denmark,1959,2.59
Denmark,1960,2.73
Denmark,1961,2.59
Denmark,1962,3.02
Denmark,1963,3.04
Denmark,1964,2.84
Denmark,1965,2.83
Denmark,1966,2.64
Denmark,1967,2.59
Denmark,1968,2.68
Denmark,1969,2.39
Denmark,1970,2.43
Denmark,1971,2.36
Denmark,1972,2.18
Denmark,1973,1.98
Denmark,1974,2.23
Denmark,1975,2.4
Denmark,1976,2.2
Denmark,1977,2.22
Denmark,1978,2.27
Denmark,1979,2.25
Denmark,1980,2.36
Denmark,1981,2.44
Denmark,1982,2.42
Denmark,1983,2.36
Denmark,1984,2.24
Denmark,1985,2.1
Denmark,1986,1.94
Denmark,1987,2.03
Denmark,1988,2.09
Denmark,1989,2.02
Denmark,1990,1.95
Denmark,1991,1.92
Denmark,1992,1.86
Denmark,1993,1.87
Denmark,1994,1.74
Denmark,1995,1.69
Denmark,1996,1.65
Denmark,1997,1.62
Denmark,1998,1.61
Denmark,1999,1.57
Denmark,2000,1.46
Denmark,2001,1.53
Denmark,2002,1.51
Denmark,2003,1.46
Denmark,2004,1.42
Denmark,2005,1.31
Denmark,2006,1.38
Denmark,2007,1.3
Denmark,2008,1.35
Denmark,2009,1.34
Denmark,2010,1.4
Denmark,2011,1.31
Denmark,2012,1.35
Denmark,2013,1.22
Denmark,2014,1.15
Denmark,2015,1.11
Denmark,2016,1.15
Denmark,2017,1.14
Denmark,2018,1.28
Denmark,2019,1.3
Denmark,2020,1.37
Denmark,2021,1.29
Denmark,2022,1.36
Denmark,2023,2.0
Denmark,2024,2.42
Djibouti,1949,
Djibouti,1950,
Djibouti,1951,
Djibouti,1952,
Djibouti,1953,
Djibouti,1954,
Djibouti,1955,
Djibouti,1956,
Djibouti,1957,
Djibouti,1958,
Djibouti,1959,
Djibouti,1960,
Djibouti,1961,
Djibouti,1962,
Djibouti,1963,
Djibouti,1964,
Djibouti,1965,
Djibouti,1966,
Djibouti,1967,
Djibouti,1968,
Djibouti,1969,
Djibouti,1970,
Djibouti,1971,
Djibouti,1972,
Djibouti,1973,
Djibouti,1974,
Djibouti,1975,
Djibouti,1976,
Djibouti,1977,
Djibouti,1978,0.02
Djibouti,1979,0.02
Djibouti,1980,0.54
Djibouti,1981,1.42
Djibouti,1982,7.49
Djibouti,1983,7.66
Djibouti,1984,
Djibouti,1985,
Djibouti,1986,
Djibouti,1987,
Djibouti,1988,
Djibouti,1989,
Djibouti,1990,
Djibouti,1991,6.65
Djibouti,1992,6.76
Djibouti,1993,6.16
Djibouti,1994,5.76
Djibouti,1995,5.79
Djibouti,1996,5.08
Djibouti,1997,5.47
Djibouti,1998,5.65
Djibouti,1999,5.48
Djibouti,2000,5.07
Djibouti,2001,
Djibouti,2002,
Djibouti,2003,
Djibouti,2004,5.61
Djibouti,2005,4.51
Djibouti,2006,4.59
Djibouti,2007,2.9
Djibouti,2008,2.63
Djibouti,2009,
Djibouti,2010,
Djibouti,2011,
Djibouti,2012,
Djibouti,2013,
Djibouti,2014,
Djibouti,2015,
Djibouti,2016,
Djibouti,2017,
Djibouti,2018,
Djibouti,2019,
Djibouti,2020,
Djibouti,2021,
Djibouti,2022,
Djibouti,2023,
Djibouti,2024,
Dominican Republic,1949,
Dominican Republic,1950,
Dominican Republic,1951,
Dominican Republic,1952,
Dominican Republic,1953,
Dominican Republic,1954,
Dominican Republic,1955,
Dominican Republic,1956,
Dominican Republic,1957,
Dominican Republic,1958,5.31
Dominican Republic,1959,
Dominican Republic,1960,5.23
Dominican Republic,1961,5.23
Dominican Republic,1962,4.32
Dominican Republic,1963,3.87
Dominican Republic,1964,3.78
Dominican Republic,1965,4.21
Dominican Republic,1966,3.46
Dominican Republic,1967,3.19
Dominican Republic,1968,3.25
Dominican Republic,1969,2.65
Dominican Republic,1970,2.42
Dominican Republic,1971,2.2
Dominican Republic,1972,1.99
Dominican Republic,1973,1.79
Dominican Republic,1974,1.97
Dominican Republic,1975,1.83
Dominican Republic,1976,1.93
Dominican Republic,1977,1.89
Dominican Republic,1978,2.18
Dominican Republic,1979,2.18
Dominican Republic,1980,1.58
Dominican Republic,1981,1.72
Dominican Republic,1982,1.58
Dominican Republic,1983,1.37
Dominican Republic,1984,1.2
Dominican Republic,1985,1.21
Dominican Republic,1986,1.34
Dominican Republic,1987,1.02
Dominican Republic,1988,0.88
Dominican Republic,1989,0.8
Dominican Republic,1990,0.68
Dominican Republic,1991,0.35
Dominican Republic,1992,0.56
Dominican Republic,1993,0.76
Dominican Republic,1994,0.73
Dominican Republic,1995,0.55
Dominican Republic,1996,0.63
Dominican Republic,1997,0.8
Dominican Republic,1998,0.78
Dominican Republic,1999,0.82
Dominican Republic,2000,1.03
Dominican Republic,2001,1.21
Dominican Republic,2002,1.06
Dominican Republic,2003,0.76
Dominican Republic,2004,0.69
Dominican Republic,2005,0.77
Dominican Republic,2006,0.68
Dominican Republic,2007,0.63
Dominican Republic,2008,0.7
Dominican Republic,2009,0.67
Dominican Republic,2010,0.67
Dominican Republic,2011,0.6
Dominican Republic,2012,0.65
Dominican Republic,2013,0.61
Dominican Republic,2014,0.65
Dominican Republic,2015,0.64
Dominican Republic,2016,0.63
Dominican Republic,2017,0.67
Dominican Republic,2018,0.69
Dominican Republic,2019,0.69
Dominican Republic,2020,0.75
Dominican Republic,2021,0.65
Dominican Republic,2022,0.68
Dominican Republic,2023,0.78
Dominican Republic,2024,0.78
Ecuador,1949,
Ecuador,1950,
Ecuador,1951,
Ecuador,1952,
Ecuador,1953,1.94
Ecuador,1954,
Ecuador,1955,
Ecuador,1956,
Ecuador,1957,2.41
Ecuador,1958,2.28
Ecuador,1959,1.9
Ecuador,1960,2.38
Ecuador,1961,2.05
Ecuador,1962,2.05
Ecuador,1963,1.77
Ecuador,1964,1.91
Ecuador,1965,2.07
Ecuador,1966,1.82
Ecuador,1967,1.8
Ecuador,1968,1.92
Ecuador,1969,2.37
Ecuador,1970,1.83
Ecuador,1971,1.85
Ecuador,1972,1.99
Ecuador,1973,1.98
Ecuador,1974,2.02
Ecuador,1975,2.37
Ecuador,1976,2.2
Ecuador,1977,3.08
Ecuador,1978,2.14
Ecuador,1979,1.99
Ecuador,1980,1.78
Ecuador,1981,1.68
Ecuador,1982,1.65
Ecuador,1983,1.57
Ecuador,1984,1.49
Ecuador,1985,1.78
Ecuador,1986,1.84
Ecuador,1987,1.97
Ecuador,1988,1.62
Ecuador,1989,1.43
Ecuador,1990,1.35
Ecuador,1991,1.27
Ecuador,1992,1.21
Ecuador,1993,1.51
Ecuador,1994,1.32
Ecuador,1995,1.99
Ecuador,1996,1.69
Ecuador,1997,1.81
Ecuador,1998,2.02
Ecuador,1999,1.56
Ecuador,2000,1.52
Ecuador,2001,1.66
Ecuador,2002,1.87
Ecuador,2003,2.39
Ecuador,2004,2.02
Ecuador,2005,2.37
Ecuador,2006,2.08
Ecuador,2007,2.63
Ecuador,2008,2.69
Ecuador,2009,3.24
Ecuador,2010,3.07
Ecuador,2011,3.11
Ecuador,2012,2.95
Ecuador,2013,2.83
Ecuador,2014,2.71
Ecuador,2015,2.67
Ecuador,2016,2.57
Ecuador,2017,2.36
Ecuador,2018,2.37
Ecuador,2019,2.18
Ecuador,2020,2.46
Ecuador,2021,2.24
Ecuador,2022,2.22
Ecuador,2023,2.27
Ecuador,2024,2.22
Egypt,1949,
Egypt,1950,
Egypt,1951,
Egypt,1952,
Egypt,1953,
Egypt,1954,
Egypt,1955,
Egypt,1956,
Egypt,1957,
Egypt,1958,
Egypt,1959,
Egypt,1960,
Egypt,1961,
Egypt,1962,6.68
Egypt,1963,8.66
Egypt,1964,10.33
Egypt,1965,10.12
Egypt,1966,8.72
Egypt,1967,8.91
Egypt,1968,11.13
Egypt,1969,14.34
Egypt,1970,15.99
Egypt,1971,17.19
Egypt,1972,13.56
Egypt,1973,13.51
Egypt,1974,17.27
Egypt,1975,15.43
Egypt,1976,13.73
Egypt,1977,13.11
Egypt,1978,9.94
Egypt,1979,6.47
Egypt,1980,6.16
Egypt,1981,7.42
Egypt,1982,7.19
Egypt,1983,7.96
Egypt,1984,8.27
Egypt,1985,7.86
Egypt,1986,7.5
Egypt,1987,6.53
Egypt,1988,5.06
Egypt,1989,3.97
Egypt,1990,3.47
Egypt,1991,3.61
Egypt,1992,3.22
Egypt,1993,3.1
Egypt,1994,3.15
Egypt,1995,3.08
Egypt,1996,2.97
Egypt,1997,2.84
Egypt,1998,2.66
Egypt,1999,2.57
Egypt,2000,2.55
Egypt,2001,2.99
Egypt,2002,3.28
Egypt,2003,3.18
Egypt,2004,2.88
Egypt,2005,2.71
Egypt,2006,2.61
Egypt,2007,2.38
Egypt,2008,2.18
Egypt,2009,2.03
Egypt,2010,1.95
Egypt,2011,1.84
Egypt,2012,1.65
Egypt,2013,1.61
Egypt,2014,1.69
Egypt,2015,1.72
Egypt,2016,1.67
Egypt,2017,1.42
Egypt,2018,1.25
Egypt,2019,1.18
Egypt,2020,1.12
Egypt,2021,1.12
Egypt,2022,1.01
Egypt,2023,0.81
Egypt,2024,0.67
El Salvador,1949,
El Salvador,1950,
El Salvador,1951,
El Salvador,1952,
El Salvador,1953,
El Salvador,1954,
El Salvador,1955,
El Salvador,1956,
El Salvador,1957,
El Salvador,1958,
El Salvador,1959,
El Salvador,1960,
El Salvador,1961,
El Salvador,1962,
El Salvador,1963,
El Salvador,1964,
El Salvador,1965,0.74
El Salvador,1966,0.71
El Salvador,1967,0.69
El Salvador,1968,0.66
El Salvador,1969,0.72
El Salvador,1970,0.63
El Salvador,1971,0.72
El Salvador,1972,0.88
El Salvador,1973,0.86
El Salvador,1974,0.8
El Salvador,1975,0.83
El Salvador,1976,0.88
El Salvador,1977,0.97
El Salvador,1978,1.12
El Salvador,1979,1.58
El Salvador,1980,1.74
El Salvador,1981,2.28
El Salvador,1982,2.78
El Salvador,1983,3.55
El Salvador,1984,6.44
El Salvador,1985,6.59
El Salvador,1986,4.33
El Salvador,1987,4.47
El Salvador,1988,4.27
El Salvador,1989,4.87
El Salvador,1990,3.41
El Salvador,1991,2.73
El Salvador,1992,2.25
El Salvador,1993,1.68
El Salvador,1994,1.35
El Salvador,1995,1.18
El Salvador,1996,1.07
El Salvador,1997,1.01
El Salvador,1998,0.92
El Salvador,1999,0.92
El Salvador,2000,0.84
El Salvador,2001,1.09
El Salvador,2002,1.13
El Salvador,2003,0.84
El Salvador,2004,0.81
El Salvador,2005,0.9
El Salvador,2006,0.89
El Salvador,2007,0.97
El Salvador,2008,0.96
El Salvador,2009,1.08
El Salvador,2010,1.09
El Salvador,2011,1.09
El Salvador,2012,1.05
El Salvador,2013,1.08
El Salvador,2014,1.04
El Salvador,2015,1.06
El Salvador,2016,1.02
El Salvador,2017,1.04
El Salvador,2018,1.13
El Salvador,2019,1.18
El Salvador,2020,1.38
El Salvador,2021,1.21
El Salvador,2022,1.43
El Salvador,2023,1.34
El Salvador,2024,1.19
Equatorial Guinea,1949,
Equatorial Guinea,1950,
Equatorial Guinea,1951,
Equatorial Guinea,1952,
Equatorial Guinea,1953,
Equatorial Guinea,1954,
Equatorial Guinea,1955,
Equatorial Guinea,1956,
Equatorial Guinea,1957,
Equatorial Guinea,1958,
Equatorial Guinea,1959,
Equatorial Guinea,1960,
Equatorial Guinea,1961,
Equatorial Guinea,1962,
Equatorial Guinea,1963,
Equatorial Guinea,1964,
Equatorial Guinea,1965,
Equatorial Guinea,1966,
Equatorial Guinea,1967,
Equatorial Guinea,1968,
Equatorial Guinea,1969,
Equatorial Guinea,1970,
Equatorial Guinea,1971,
Equatorial Guinea,1972,
Equatorial Guinea,1973,
Equatorial Guinea,1974,
Equatorial Guinea,1975,
Equatorial Guinea,1976,
Equatorial Guinea,1977,
Equatorial Guinea,1978,
Equatorial Guinea,1979,
Equatorial Guinea,1980,
Equatorial Guinea,1981,
Equatorial Guinea,1982,
Equatorial Guinea,1983,
Equatorial Guinea,1984,
Equatorial Guinea,1985,
Equatorial Guinea,1986,
Equatorial Guinea,1987,
Equatorial Guinea,1988,
Equatorial Guinea,1989,
Equatorial Guinea,1990,
Equatorial Guinea,1991,
Equatorial Guinea,1992,
Equatorial Guinea,1993,
Equatorial Guinea,1994,1.99
Equatorial Guinea,1995,2.05
Equatorial Guinea,1996,
Equatorial Guinea,1997,
Equatorial Guinea,1998,
Equatorial Guinea,1999,
Equatorial Guinea,2000,
Equatorial Guinea,2001,
Equatorial Guinea,2002,
Equatorial Guinea,2003,
Equatorial Guinea,2004,
Equatorial Guinea,2005,
Equatorial Guinea,2006,
Equatorial Guinea,2007,1.5
Equatorial Guinea,2008,1.48
Equatorial Guinea,2009,2.47
Equatorial Guinea,2010,
Equatorial Guinea,2011,
Equatorial Guinea,2012,
Equatorial Guinea,2013,
Equatorial Guinea,2014,0.77
Equatorial Guinea,2015,1.04
Equatorial Guinea,2016,1.24
Equatorial Guinea,2017,1.13
Equatorial Guinea,2018,1.14
Equatorial Guinea,2019,1.31
Equatorial Guinea,2020,1.64
Equatorial Guinea,2021,1.35
Equatorial Guinea,2022,1.3
Equatorial Guinea,2023,1.52
Equatorial Guinea,2024,0.98
Eritrea,1949,
Eritrea,1950,
Eritrea,1951,
Eritrea,1952,
Eritrea,1953,
Eritrea,1954,
Eritrea,1955,
Eritrea,1956,
Eritrea,1957,
Eritrea,1958,
Eritrea,1959,
Eritrea,1960,
Eritrea,1961,
Eritrea,1962,
Eritrea,1963,
Eritrea,1964,
Eritrea,1965,
Eritrea,1966,
Eritrea,1967,
Eritrea,1968,
Eritrea,1969,
Eritrea,1970,
Eritrea,1971,
Eritrea,1972,
Eritrea,1973,
Eritrea,1974,
Eritrea,1975,
Eritrea,1976,
Eritrea,1977,
Eritrea,1978,
Eritrea,1979,
Eritrea,1980,
Eritrea,1981,
Eritrea,1982,
Eritrea,1983,
Eritrea,1984,
Eritrea,1985,
Eritrea,1986,
Eritrea,1987,
Eritrea,1988,
Eritrea,1989,
Eritrea,1990,
Eritrea,1991,
Eritrea,1992,
Eritrea,1993,21.33
Eritrea,1994,12.72
Eritrea,1995,19.54
Eritrea,1996,20.34
Eritrea,1997,11.86
Eritrea,1998,32.5
Eritrea,1999,34.38
Eritrea,2000,32.66
Eritrea,2001,22.14
Eritrea,2002,20.67
Eritrea,2003,20.87
Eritrea,2004,
Eritrea,2005,
Eritrea,2006,
Eritrea,2007,
Eritrea,2008,
Eritrea,2009,
Eritrea,2010,
Eritrea,2011,
Eritrea,2012,
Eritrea,2013,
Eritrea,2014,
Eritrea,2015,
Eritrea,2016,
Eritrea,2017,
Eritrea,2018,
Eritrea,2019,
Eritrea,2020,
Eritrea,2021,
Eritrea,2022,
Eritrea,2023,
Eritrea,2024,
Estonia,1949,
Estonia,1950,
Estonia,1951,
Estonia,1952,
Estonia,1953,
Estonia,1954,
Estonia,1955,
Estonia,1956,
Estonia,1957,
Estonia,1958,
Estonia,1959,
Estonia,1960,
Estonia,1961,
Estonia,1962,
Estonia,1963,
Estonia,1964,
Estonia,1965,
Estonia,1966,
Estonia,1967,
Estonia,1968,
Estonia,1969,
Estonia,1970,
Estonia,1971,
Estonia,1972,
Estonia,1973,
Estonia,1974,
Estonia,1975,
Estonia,1976,
Estonia,1977,
Estonia,1978,
Estonia,1979,
Estonia,1980,
Estonia,1981,
Estonia,1982,
Estonia,1983,
Estonia,1984,
Estonia,1985,
Estonia,1986,
Estonia,1987,
Estonia,1988,
Estonia,1989,
Estonia,1990,
Estonia,1991,
Estonia,1992,
Estonia,1993,0.76
Estonia,1994,1.04
Estonia,1995,0.93
Estonia,1996,0.87
Estonia,1997,1.03
Estonia,1998,1.06
Estonia,1999,1.28
Estonia,2000,1.38
Estonia,2001,1.5
Estonia,2002,1.66
Estonia,2003,1.74
Estonia,2004,1.69
Estonia,2005,1.45
Estonia,2006,1.39
Estonia,2007,1.66
Estonia,2008,1.77
Estonia,2009,1.8
Estonia,2010,1.7
Estonia,2011,1.67
Estonia,2012,1.88
Estonia,2013,1.88
Estonia,2014,1.9
Estonia,2015,1.99
Estonia,2016,2.03
Estonia,2017,1.97
Estonia,2018,1.97
Estonia,2019,2.0
Estonia,2020,2.26
Estonia,2021,2.01
Estonia,2022,2.13
Estonia,2023,3.0
Estonia,2024,3.37
Eswatini,1949,
Eswatini,1950,
Eswatini,1951,
Eswatini,1952,
Eswatini,1953,
Eswatini,1954,
Eswatini,1955,
Eswatini,1956,
Eswatini,1957,
Eswatini,1958,
Eswatini,1959,
Eswatini,1960,
Eswatini,1961,
Eswatini,1962,
Eswatini,1963,
Eswatini,1964,
Eswatini,1965,
Eswatini,1966,
Eswatini,1967,
Eswatini,1968,
Eswatini,1969,
Eswatini,1970,
Eswatini,1971,
Eswatini,1972,
Eswatini,1973,
Eswatini,1974,
Eswatini,1975,
Eswatini,1976,
Eswatini,1977,1.78
Eswatini,1978,2.43
Eswatini,1979,2.46
Eswatini,1980,2.42
Eswatini,1981,2.17
Eswatini,1982,2.2
Eswatini,1983,2.26
Eswatini,1984,2.03
Eswatini,1985,1.84
Eswatini,1986,1.63
Eswatini,1987,1.43
Eswatini,1988,1.26
Eswatini,1989,1.25
Eswatini,1990,1.28
Eswatini,1991,1.38
Eswatini,1992,1.63
Eswatini,1993,1.75
Eswatini,1994,1.82
Eswatini,1995,1.69
Eswatini,1996,1.65
Eswatini,1997,1.49
Eswatini,1998,1.65
Eswatini,1999,1.68
Eswatini,2000,1.46
Eswatini,2001,1.26
Eswatini,2002,1.39
Eswatini,2003,1.48
Eswatini,2004,1.58
Eswatini,2005,2.03
Eswatini,2006,1.67
Eswatini,2007,1.64
Eswatini,2008,2.0
Eswatini,2009,2.09
Eswatini,2010,2.37
Eswatini,2011,2.22
Eswatini,2012,1.91
Eswatini,2013,1.95
Eswatini,2014,1.82
Eswatini,2015,1.75
Eswatini,2016,2.07
Eswatini,2017,1.92
Eswatini,2018,2.1
Eswatini,2019,1.89
Eswatini,2020,1.86
Eswatini,2021,1.68
Eswatini,2022,1.65
Eswatini,2023,1.38
Eswatini,2024,1.44
Ethiopia,1949,
Ethiopia,1950,
Ethiopia,1951,
Ethiopia,1952,
Ethiopia,1953,
Ethiopia,1954,
Ethiopia,1955,
Ethiopia,1956,
Ethiopia,1957,
Ethiopia,1958,
Ethiopia,1959,
Ethiopia,1960,
Ethiopia,1961,1.86
Ethiopia,1962,1.93
Ethiopia,1963,2.43
Ethiopia,1964,2.92
Ethiopia,1965,3.23
Ethiopia,1966,3.11
Ethiopia,1967,2.49
Ethiopia,1968,2.2
Ethiopia,1969,2.02
Ethiopia,1970,1.88
Ethiopia,1971,1.91
Ethiopia,1972,1.94
Ethiopia,1973,1.93
Ethiopia,1974,2.79
Ethiopia,1975,4.49
Ethiopia,1976,4.13
Ethiopia,1977,3.97
Ethiopia,1978,4.81
Ethiopia,1979,6.89
Ethiopia,1980,8.71
Ethiopia,1981,7.54
Ethiopia,1982,7.54
Ethiopia,1983,7.18
Ethiopia,1984,7.97
Ethiopia,1985,6.82
Ethiopia,1986,6.7
Ethiopia,1987,6.86
Ethiopia,1988,8.5
Ethiopia,1989,10.28
Ethiopia,1990,9.66
Ethiopia,1991,5.71
Ethiopia,1992,3.44
Ethiopia,1993,3.07
Ethiopia,1994,2.87
Ethiopia,1995,2.23
Ethiopia,1996,2.12
Ethiopia,1997,3.34
Ethiopia,1998,7.28
Ethiopia,1999,9.51
Ethiopia,2000,7.69
Ethiopia,2001,4.39
Ethiopia,2002,3.76
Ethiopia,2003,3.3
Ethiopia,2004,3.13
Ethiopia,2005,2.81
Ethiopia,2006,2.31
Ethiopia,2007,1.9
Ethiopia,2008,1.52
Ethiopia,2009,1.2
Ethiopia,2010,1.15
Ethiopia,2011,1.09
Ethiopia,2012,0.87
Ethiopia,2013,0.81
Ethiopia,2014,0.77
Ethiopia,2015,0.71
Ethiopia,2016,0.68
Ethiopia,2017,0.68
Ethiopia,2018,0.65
Ethiopia,2019,0.58
Ethiopia,2020,0.78
Ethiopia,2021,1.61
Ethiopia,2022,1.51
Ethiopia,2023,0.88
Ethiopia,2024,0.65
European Union,1949,
European Union,1950,
European Union,1951,
European Union,1952,
European Union,1953,
European Union,1954,
European Union,1955,
European Union,1956,
European Union,1957,
European Union,1958,
European Union,1959,
European Union,1960,
European Union,1961,
European Union,1962,
European Union,1963,
European Union,1964,
European Union,1965,
European Union,1966,
European Union,1967,
European Union,1968,
European Union,1969,
European Union,1970,
European Union,1971,
European Union,1972,
European Union,1973,
European Union,1974,
European Union,1975,
European Union,1976,
European Union,1977,
European Union,1978,
European Union,1979,
European Union,1980,
European Union,1981,
European Union,1982,
European Union,1983,
European Union,1984,
European Union,1985,
European Union,1986,
European Union,1987,
European Union,1988,
European Union,1989,
European Union,1990,
European Union,1991,
European Union,1992,
European Union,1993,
European Union,1994,
European Union,1995,
European Union,1996,
European Union,1997,
European Union,1998,
European Union,1999,
European Union,2000,
European Union,2001,
European Union,2002,
European Union,2003,
European Union,2004,
European Union,2005,
European Union,2006,
European Union,2007,
European Union,2008,
European Union,2009,
European Union,2010,
European Union,2011,
European Union,2012,
European Union,2013,
European Union,2014,
European Union,2015,
European Union,2016,
European Union,2017,
European Union,2018,
European Union,2019,
European Union,2020,
European Union,2021,
European Union,2022,0.01
European Union,2023,0.01
European Union,2024,0.01
Fiji,1949,
Fiji,1950,
Fiji,1951,
Fiji,1952,
Fiji,1953,
Fiji,1954,
Fiji,1955,
Fiji,1956,
Fiji,1957,
Fiji,1958,
Fiji,1959,
Fiji,1960,
Fiji,1961,
Fiji,1962,
Fiji,1963,
Fiji,1964,
Fiji,1965,
Fiji,1966,
Fiji,1967,
Fiji,1968,0.21
Fiji,1969,0.19
Fiji,1970,0.19
Fiji,1971,0.22
Fiji,1972,0.25
Fiji,1973,0.22
Fiji,1974,0.24
Fiji,1975,0.3
Fiji,1976,0.4
Fiji,1977,0.51
Fiji,1978,0.87
Fiji,1979,0.94
Fiji,1980,0.86
Fiji,1981,0.92
Fiji,1982,1.15
Fiji,1983,1.24
Fiji,1984,1.22
Fiji,1985,1.13
Fiji,1986,1.04
Fiji,1987,1.97
Fiji,1988,2.05
Fiji,1989,2.27
Fiji,1990,2.11
Fiji,1991,2.17
Fiji,1992,1.84
Fiji,1993,1.81
Fiji,1994,1.7
Fiji,1995,1.63
Fiji,1996,1.42
Fiji,1997,1.36
Fiji,1998,1.26
Fiji,1999,1.13
Fiji,2000,1.76
Fiji,2001,1.82
Fiji,2002,1.55
Fiji,2003,1.49
Fiji,2004,1.58
Fiji,2005,1.32
Fiji,2006,1.61
Fiji,2007,2.24
Fiji,2008,1.52
Fiji,2009,1.79
Fiji,2010,1.61
Fiji,2011,1.61
Fiji,2012,1.49
Fiji,2013,1.39
Fiji,2014,1.54
Fiji,2015,0.91
Fiji,2016,1.1
Fiji,2017,1.4
Fiji,2018,1.46
Fiji,2019,1.45
Fiji,2020,1.61
Fiji,2021,1.6
Fiji,2022,1.36
Fiji,2023,1.33
Fiji,2024,1.31
Finland,1949,
Finland,1950,
Finland,1951,
Finland,1952,
Finland,1953,
Finland,1954,
Finland,1955,
Finland,1956,
Finland,1957,
Finland,1958,1.71
Finland,1959,1.87
Finland,1960,1.77
Finland,1961,1.84
Finland,1962,2.51
Finland,1963,1.93
Finland,1964,1.86
Finland,1965,1.8
Finland,1966,1.71
Finland,1967,1.62
Finland,1968,1.76
Finland,1969,1.44
Finland,1970,1.38
Finland,1971,1.45
Finland,1972,1.53
Finland,1973,1.45
Finland,1974,1.27
Finland,1975,1.51
Finland,1976,1.34
Finland,1977,1.41
Finland,1978,1.43
Finland,1979,1.48
Finland,1980,1.67
Finland,1981,1.55
Finland,1982,1.64
Finland,1983,1.82
Finland,1984,1.6
Finland,1985,1.68
Finland,1986,1.72
Finland,1987,1.65
Finland,1988,1.61
Finland,1989,1.53
Finland,1990,1.56
Finland,1991,1.78
Finland,1992,1.91
Finland,1993,1.87
Finland,1994,1.76
Finland,1995,1.42
Finland,1996,1.53
Finland,1997,1.54
Finland,1998,1.46
Finland,1999,1.22
Finland,2000,1.24
Finland,2001,1.14
Finland,2002,1.15
Finland,2003,1.45
Finland,2004,1.47
Finland,2005,1.46
Finland,2006,1.44
Finland,2007,1.29
Finland,2008,1.39
Finland,2009,1.56
Finland,2010,1.49
Finland,2011,1.49
Finland,2012,1.53
Finland,2013,1.54
Finland,2014,1.46
Finland,2015,1.46
Finland,2016,1.43
Finland,2017,1.36
Finland,2018,1.37
Finland,2019,1.36
Finland,2020,1.44
Finland,2021,1.3
Finland,2022,1.59
Finland,2023,2.01
Finland,2024,2.3
France,1949,
France,1950,4.65
France,1951,5.99
France,1952,7.23
France,1953,7.57
France,1954,6.12
France,1955,5.38
France,1956,6.46
France,1957,6.16
France,1958,5.69
France,1959,5.64
France,1960,5.43
France,1961,5.3
France,1962,5.16
France,1963,4.74
France,1964,4.54
France,1965,4.4
France,1966,4.29
France,1967,4.3
France,1968,4.14
France,1969,3.68
France,1970,3.46
France,1971,3.32
France,1972,3.23
France,1973,3.14
France,1974,3.09
France,1975,3.2
France,1976,3.16
France,1977,3.23
France,1978,3.15
France,1979,3.14
France,1980,3.16
France,1981,3.25
France,1982,3.22
France,1983,3.24
France,1984,3.19
France,1985,3.14
France,1986,3.09
France,1987,3.12
France,1988,3.0
France,1989,2.92
France,1990,2.84
France,1991,2.85
France,1992,2.73
France,1993,2.72
France,1994,2.69
France,1995,2.52
France,1996,2.44
France,1997,2.39
France,1998,2.25
France,1999,2.2
France,2000,2.09
France,2001,2.04
France,2002,2.06
France,2003,2.11
France,2004,2.11
France,2005,2.03
France,2006,1.98
France,2007,1.91
France,2008,1.9
France,2009,2.1
France,2010,1.97
France,2011,1.89
France,2012,1.87
France,2013,1.85
France,2014,1.86
France,2015,1.87
France,2016,1.85
France,2017,1.85
France,2018,1.85
France,2019,1.85
France,2020,2.02
France,2021,1.98
France,2022,1.96
France,2023,1.95
France,2024,2.05
Gabon,1949,
Gabon,1950,
Gabon,1951,
Gabon,1952,
Gabon,1953,
Gabon,1954,
Gabon,1955,
Gabon,1956,
Gabon,1957,
Gabon,1958,
Gabon,1959,
Gabon,1960,
Gabon,1961,
Gabon,1962,
Gabon,1963,
Gabon,1964,
Gabon,1965,
Gabon,1966,
Gabon,1967,1.11
Gabon,1968,1.02
Gabon,1969,1.37
Gabon,1970,1.43
Gabon,1971,1.44
Gabon,1972,1.55
Gabon,1973,1.3
Gabon,1974,0.68
Gabon,1975,0.78
Gabon,1976,0.67
Gabon,1977,1.03
Gabon,1978,
Gabon,1979,1.88
Gabon,1980,1.6
Gabon,1981,2.29
Gabon,1982,2.45
Gabon,1983,2.55
Gabon,1984,2.26
Gabon,1985,2.86
Gabon,1986,4.0
Gabon,1987,
Gabon,1988,
Gabon,1989,
Gabon,1990,
Gabon,1991,
Gabon,1992,
Gabon,1993,
Gabon,1994,
Gabon,1995,
Gabon,1996,
Gabon,1997,
Gabon,1998,
Gabon,1999,
Gabon,2000,1.69
Gabon,2001,1.79
Gabon,2002,1.78
Gabon,2003,1.67
Gabon,2004,1.61
Gabon,2005,1.25
Gabon,2006,1.28
Gabon,2007,
Gabon,2008,
Gabon,2009,
Gabon,2010,1.87
Gabon,2011,1.46
Gabon,2012,1.62
Gabon,2013,1.6
Gabon,2014,1.14
Gabon,2015,1.19
Gabon,2016,1.45
Gabon,2017,1.81
Gabon,2018,1.55
Gabon,2019,1.58
Gabon,2020,1.72
Gabon,2021,1.6
Gabon,2022,1.36
Gabon,2023,1.32
Gabon,2024,1.54
"Gambia, The",1949,
"Gambia, The",1950,
"Gambia, The",1951,
"Gambia, The",1952,
"Gambia, The",1953,
"Gambia, The",1954,
"Gambia, The",1955,
"Gambia, The",1956,
"Gambia, The",1957,
"Gambia, The",1958,
"Gambia, The",1959,
"Gambia, The",1960,
"Gambia, The",1961,
"Gambia, The",1962,
"Gambia, The",1963,
"Gambia, The",1964,
"Gambia, The",1965,
"Gambia, The",1966,
"Gambia, The",1967,
"Gambia, The",1968,
"Gambia, The",1969,
"Gambia, The",1970,
"Gambia, The",1971,
"Gambia, The",1972,
"Gambia, The",1973,
"Gambia, The",1974,
"Gambia, The",1975,
"Gambia, The",1976,
"Gambia, The",1977,
"Gambia, The",1978,
"Gambia, The",1979,
"Gambia, The",1980,
"Gambia, The",1981,
"Gambia, The",1982,
"Gambia, The",1983,0.34
"Gambia, The",1984,0.48
"Gambia, The",1985,0.55
"Gambia, The",1986,0.56
"Gambia, The",1987,0.63
"Gambia, The",1988,0.81
"Gambia, The",1989,0.96
"Gambia, The",1990,0.46
"Gambia, The",1991,0.5
"Gambia, The",1992,0.41
"Gambia, The",1993,0.28
"Gambia, The",1994,0.26
"Gambia, The",1995,0.3
"Gambia, The",1996,0.4
"Gambia, The",1997,0.41
"Gambia, The",1998,0.38
"Gambia, The",1999,0.33
"Gambia, The",2000,0.32
"Gambia, The",2001,0.23
"Gambia, The",2002,0.24
"Gambia, The",2003,0.23
"Gambia, The",2004,0.19
"Gambia, The",2005,0.28
"Gambia, The",2006,0.26
"Gambia, The",2007,0.36
"Gambia, The",2008,1.09
"Gambia, The",2009,0.48
"Gambia, The",2010,
"Gambia, The",2011,
"Gambia, The",2012,0.79
"Gambia, The",2013,0.75
"Gambia, The",2014,1.19
"Gambia, The",2015,1.01
"Gambia, The",2016,
"Gambia, The",2017,
"Gambia, The",2018,0.69
"Gambia, The",2019,0.8
"Gambia, The",2020,0.82
"Gambia, The",2021,0.78
"Gambia, The",2022,0.71
"Gambia, The",2023,0.58
"Gambia, The",2024,0.57
Georgia,1949,
Georgia,1950,
Georgia,1951,
Georgia,1952,
Georgia,1953,
Georgia,1954,
Georgia,1955,
Georgia,1956,
Georgia,1957,
Georgia,1958,
Georgia,1959,
Georgia,1960,
Georgia,1961,
Georgia,1962,
Georgia,1963,
Georgia,1964,
Georgia,1965,
Georgia,1966,
Georgia,1967,
Georgia,1968,
Georgia,1969,
Georgia,1970,
Georgia,1971,
Georgia,1972,
Georgia,1973,
Georgia,1974,
Georgia,1975,
Georgia,1976,
Georgia,1977,
Georgia,1978,
Georgia,1979,
Georgia,1980,
Georgia,1981,
Georgia,1982,
Georgia,1983,
Georgia,1984,
Georgia,1985,
Georgia,1986,
Georgia,1987,
Georgia,1988,
Georgia,1989,
Georgia,1990,
Georgia,1991,
Georgia,1992,
Georgia,1993,
Georgia,1994,
Georgia,1995,
Georgia,1996,2.21
Georgia,1997,1.25
Georgia,1998,1.14
Georgia,1999,0.92
Georgia,2000,0.62
Georgia,2001,0.74
Georgia,2002,1.0
Georgia,2003,1.07
Georgia,2004,1.37
Georgia,2005,3.34
Georgia,2006,5.22
Georgia,2007,9.16
Georgia,2008,8.52
Georgia,2009,5.61
Georgia,2010,3.65
Georgia,2011,3.03
Georgia,2012,2.91
Georgia,2013,2.52
Georgia,2014,2.31
Georgia,2015,1.97
Georgia,2016,2.04
Georgia,2017,1.94
Georgia,2018,1.86
Georgia,2019,1.76
Georgia,2020,1.79
Georgia,2021,1.59
Georgia,2022,1.61
Georgia,2023,1.66
Georgia,2024,1.86
German Democratic Republic,1949,
German Democratic Republic,1950,
German Democratic Republic,1951,
German Democratic Republic,1952,
German Democratic Republic,1953,
German Democratic Republic,1954,
German Democratic Republic,1955,
German Democratic Republic,1956,
German Democratic Republic,1957,
German Democratic Republic,1958,
German Democratic Republic,1959,
German Democratic Republic,1960,
German Democratic Republic,1961,
German Democratic Republic,1962,
German Democratic Republic,1963,
German Democratic Republic,1964,
German Democratic Republic,1965,
German Democratic Republic,1966,
German Democratic Republic,1967,
German Democratic Republic,1968,
German Democratic Republic,1969,
German Democratic Republic,1970,
German Democratic Republic,1971,
German Democratic Republic,1972,
German Democratic Republic,1973,
German Democratic Republic,1974,
German Democratic Republic,1975,
German Democratic Republic,1976,
German Democratic Republic,1977,
German Democratic Republic,1978,
German Democratic Republic,1979,
German Democratic Republic,1980,
German Democratic Republic,1981,
German Democratic Republic,1982,
German Democratic Republic,1983,
German Democratic Republic,1984,
German Democratic Republic,1985,
German Democratic Republic,1986,
German Democratic Republic,1987,
German Democratic Republic,1988,
German Democratic Republic,1989,
German Democratic Republic,1990,
German Democratic Republic,1991,
German Democratic Republic,1992,
German Democratic Republic,1993,
German Democratic Republic,1994,
German Democratic Republic,1995,
German Democratic Republic,1996,
German Democratic Republic,1997,
German Democratic Republic,1998,
German Democratic Republic,1999,
German Democratic Republic,2000,
German Democratic Republic,2001,
German Democratic Republic,2002,
German Democratic Republic,2003,
German Democratic Republic,2004,
German Democratic Republic,2005,
German Democratic Republic,2006,
German Democratic Republic,2007,
German Democratic Republic,2008,
German Democratic Republic,2009,
German Democratic Republic,2010,
German Democratic Republic,2011,
German Democratic Republic,2012,
German Democratic Republic,2013,
German Democratic Republic,2014,
German Democratic Republic,2015,
German Democratic Republic,2016,
German Democratic Republic,2017,
German Democratic Republic,2018,
German Democratic Republic,2019,
German Democratic Republic,2020,
German Democratic Republic,2021,
German Democratic Republic,2022,
German Democratic Republic,2023,
German Democratic Republic,2024,
Germany,1949,
Germany,1950,
Germany,1951,
Germany,1952,
Germany,1953,3.95
Germany,1954,3.72
Germany,1955,3.83
Germany,1956,3.4
Germany,1957,3.88
Germany,1958,2.78
Germany,1959,4.15
Germany,1960,3.75
Germany,1961,3.72
Germany,1962,4.48
Germany,1963,4.88
Germany,1964,4.36
Germany,1965,4.07
Germany,1966,3.89
Germany,1967,4.06
Germany,1968,3.39
Germany,1969,3.38
Germany,1970,3.0
Germany,1971,3.05
Germany,1972,3.15
Germany,1973,3.14
Germany,1974,3.25
Germany,1975,3.27
Germany,1976,3.12
Germany,1977,3.02
Germany,1978,3.04
Germany,1979,2.95
Germany,1980,2.95
Germany,1981,3.03
Germany,1982,3.02
Germany,1983,3.01
Germany,1984,2.91
Germany,1985,2.85
Germany,1986,2.78
Germany,1987,2.76
Germany,1988,2.63
Germany,1989,2.52
Germany,1990,2.51
Germany,1991,1.97
Germany,1992,1.84
Germany,1993,1.68
Germany,1994,1.54
Germany,1995,1.49
Germany,1996,1.46
Germany,1997,1.4
Germany,1998,1.38
Germany,1999,1.38
Germany,2000,1.34
Germany,2001,1.31
Germany,2002,1.31
Germany,2003,1.3
Germany,2004,1.25
Germany,2005,1.23
Germany,2006,1.18
Germany,2007,1.15
Germany,2008,1.19
Germany,2009,1.28
Germany,2010,1.24
Germany,2011,1.18
Germany,2012,1.22
Germany,2013,1.16
Germany,2014,1.13
Germany,2015,1.12
Germany,2016,1.13
Germany,2017,1.13
Germany,2018,1.15
Germany,2019,1.24
Germany,2020,1.36
Germany,2021,1.3
Germany,2022,1.35
Germany,2023,1.49
Germany,2024,1.89
Ghana,1949,
Ghana,1950,
Ghana,1951,
Ghana,1952,
Ghana,1953,
Ghana,1954,
Ghana,1955,
Ghana,1956,
Ghana,1957,
Ghana,1958,1.0
Ghana,1959,1.03
Ghana,1960,1.71
Ghana,1961,2.1
Ghana,1962,2.0
Ghana,1963,2.02
Ghana,1964,1.92
Ghana,1965,1.73
Ghana,1966,2.23
Ghana,1967,
Ghana,1968,2.66
Ghana,1969,2.5
Ghana,1970,2.12
Ghana,1971,1.7
Ghana,1972,1.43
Ghana,1973,1.36
Ghana,1974,1.58
Ghana,1975,1.71
Ghana,1976,1.57
Ghana,1977,1.25
Ghana,1978,0.85
Ghana,1979,0.65
Ghana,1980,0.77
Ghana,1981,0.74
Ghana,1982,
Ghana,1983,0.34
Ghana,1984,0.59
Ghana,1985,1.0
Ghana,1986,0.9
Ghana,1987,0.89
Ghana,1988,0.44
Ghana,1989,0.43
Ghana,1990,0.28
Ghana,1991,0.37
Ghana,1992,0.38
Ghana,1993,0.42
Ghana,1994,0.43
Ghana,1995,0.34
Ghana,1996,0.29
Ghana,1997,0.29
Ghana,1998,0.33
Ghana,1999,0.33
Ghana,2000,0.44
Ghana,2001,0.26
Ghana,2002,0.26
Ghana,2003,0.3
Ghana,2004,0.28
Ghana,2005,0.26
Ghana,2006,0.26
Ghana,2007,0.37
Ghana,2008,0.29
Ghana,2009,0.34
Ghana,2010,0.28
Ghana,2011,0.44
Ghana,2012,0.59
Ghana,2013,0.4
Ghana,2014,0.48
Ghana,2015,0.39
Ghana,2016,0.29
Ghana,2017,0.31
Ghana,2018,0.33
Ghana,2019,0.34
Ghana,2020,0.35
Ghana,2021,0.38
Ghana,2022,0.34
Ghana,2023,0.4
Ghana,2024,0.38
Greece,1949,5.91
Greece,1950,6.01
Greece,1951,6.64
Greece,1952,6.43
Greece,1953,5.11
Greece,1954,5.49
Greece,1955,5.11
Greece,1956,5.94
Greece,1957,5.0
Greece,1958,4.77
Greece,1959,4.86
Greece,1960,4.86
Greece,1961,4.24
Greece,1962,4.05
Greece,1963,3.82
Greece,1964,3.57
Greece,1965,3.5
Greece,1966,3.58
Greece,1967,4.35
Greece,1968,4.69
Greece,1969,4.79
Greece,1970,4.2
Greece,1971,4.12
Greece,1972,3.96
Greece,1973,3.52
Greece,1974,4.82
Greece,1975,5.85
Greece,1976,5.83
Greece,1977,5.92
Greece,1978,5.58
Greece,1979,5.18
Greece,1980,4.66
Greece,1981,5.74
Greece,1982,5.63
Greece,1983,5.17
Greece,1984,4.84
Greece,1985,4.69
Greece,1986,4.13
Greece,1987,4.26
Greece,1988,4.2
Greece,1989,3.77
Greece,1990,3.8
Greece,1991,3.48
Greece,1992,3.63
Greece,1993,3.6
Greece,1994,3.58
Greece,1995,3.1
Greece,1996,3.24
Greece,1997,3.3
Greece,1998,3.46
Greece,1999,3.49
Greece,2000,3.59
Greece,2001,3.36
Greece,2002,3.17
Greece,2003,2.56
Greece,2004,2.67
Greece,2005,2.9
Greece,2006,2.83
Greece,2007,2.72
Greece,2008,3.02
Greece,2009,3.27
Greece,2010,2.76
Greece,2011,2.52
Greece,2012,2.48
Greece,2013,2.39
Greece,2014,2.37
Greece,2015,2.48
Greece,2016,2.57
Greece,2017,2.56
Greece,2018,2.7
Greece,2019,2.6
Greece,2020,3.02
Greece,2021,3.8
Greece,2022,4.0
Greece,2023,2.88
Greece,2024,3.13
Guatemala,1949,
Guatemala,1950,
Guatemala,1951,
Guatemala,1952,
Guatemala,1953,
Guatemala,1954,
Guatemala,1955,1.31
Guatemala,1956,1.27
Guatemala,1957,1.3
Guatemala,1958,1.24
Guatemala,1959,1.27
Guatemala,1960,1.16
Guatemala,1961,1.12
Guatemala,1962,1.05
Guatemala,1963,1.17
Guatemala,1964,1.0
Guatemala,1965,1.4
Guatemala,1966,1.37
Guatemala,1967,1.46
Guatemala,1968,1.27
Guatemala,1969,1.03
Guatemala,1970,1.7
Guatemala,1971,1.12
Guatemala,1972,1.14
Guatemala,1973,0.91
Guatemala,1974,0.9
Guatemala,1975,1.23
Guatemala,1976,1.27
Guatemala,1977,1.37
Guatemala,1978,1.18
Guatemala,1979,1.31
Guatemala,1980,1.32
Guatemala,1981,1.89
Guatemala,1982,2.03
Guatemala,1983,2.04
Guatemala,1984,2.19
Guatemala,1985,2.01
Guatemala,1986,1.67
Guatemala,1987,1.75
Guatemala,1988,1.87
Guatemala,1989,1.8
Guatemala,1990,1.73
Guatemala,1991,1.27
Guatemala,1992,1.47
Guatemala,1993,1.27
Guatemala,1994,1.18
Guatemala,1995,1.08
Guatemala,1996,0.9
Guatemala,1997,0.74
Guatemala,1998,0.72
Guatemala,1999,0.68
Guatemala,2000,0.92
Guatemala,2001,1.05
Guatemala,2002,0.76
Guatemala,2003,0.82
Guatemala,2004,0.48
Guatemala,2005,0.38
Guatemala,2006,0.43
Guatemala,2007,0.4
Guatemala,2008,0.47
Guatemala,2009,0.4
Guatemala,2010,0.44
Guatemala,2011,0.46
Guatemala,2012,0.48
Guatemala,2013,0.47
Guatemala,2014,0.42
Guatemala,2015,0.41
Guatemala,2016,0.44
Guatemala,2017,0.38
Guatemala,2018,0.37
Guatemala,2019,0.43
Guatemala,2020,0.44
Guatemala,2021,0.39
Guatemala,2022,0.46
Guatemala,2023,0.42
Guatemala,2024,0.37
Guinea,1949,
Guinea,1950,
Guinea,1951,
Guinea,1952,
Guinea,1953,
Guinea,1954,
Guinea,1955,
Guinea,1956,
Guinea,1957,
Guinea,1958,
Guinea,1959,
Guinea,1960,
Guinea,1961,
Guinea,1962,
Guinea,1963,
Guinea,1964,
Guinea,1965,
Guinea,1966,
Guinea,1967,
Guinea,1968,
Guinea,1969,
Guinea,1970,
Guinea,1971,
Guinea,1972,
Guinea,1973,
Guinea,1974,
Guinea,1975,
Guinea,1976,
Guinea,1977,
Guinea,1978,
Guinea,1979,
Guinea,1980,0.9
Guinea,1981,0.79
Guinea,1982,0.64
Guinea,1983,
Guinea,1984,
Guinea,1985,
Guinea,1986,
Guinea,1987,
Guinea,1988,
Guinea,1989,
Guinea,1990,
Guinea,1991,2.38
Guinea,1992,1.69
Guinea,1993,1.34
Guinea,1994,1.36
Guinea,1995,
Guinea,1996,
Guinea,1997,1.17
Guinea,1998,1.25
Guinea,1999,1.6
Guinea,2000,1.53
Guinea,2001,3.1
Guinea,2002,3.32
Guinea,2003,2.44
Guinea,2004,2.23
Guinea,2005,
Guinea,2006,
Guinea,2007,
Guinea,2008,
Guinea,2009,
Guinea,2010,
Guinea,2011,
Guinea,2012,2.25
Guinea,2013,2.39
Guinea,2014,2.28
Guinea,2015,2.52
Guinea,2016,1.88
Guinea,2017,1.76
Guinea,2018,1.67
Guinea,2019,1.47
Guinea,2020,1.47
Guinea,2021,1.55
Guinea,2022,2.19
Guinea,2023,2.13
Guinea,2024,2.05
Guinea-Bissau,1949,
Guinea-Bissau,1950,
Guinea-Bissau,1951,
Guinea-Bissau,1952,
Guinea-Bissau,1953,
Guinea-Bissau,1954,
Guinea-Bissau,1955,
Guinea-Bissau,1956,
Guinea-Bissau,1957,
Guinea-Bissau,1958,
Guinea-Bissau,1959,
Guinea-Bissau,1960,
Guinea-Bissau,1961,
Guinea-Bissau,1962,
Guinea-Bissau,1963,
Guinea-Bissau,1964,
Guinea-Bissau,1965,
Guinea-Bissau,1966,
Guinea-Bissau,1967,
Guinea-Bissau,1968,
Guinea-Bissau,1969,
Guinea-Bissau,1970,
Guinea-Bissau,1971,
Guinea-Bissau,1972,
Guinea-Bissau,1973,
Guinea-Bissau,1974,
Guinea-Bissau,1975,
Guinea-Bissau,1976,
Guinea-Bissau,1977,
Guinea-Bissau,1978,
Guinea-Bissau,1979,
Guinea-Bissau,1980,
Guinea-Bissau,1981,
Guinea-Bissau,1982,0.01
Guinea-Bissau,1983,0.01
Guinea-Bissau,1984,0.02
Guinea-Bissau,1985,0.01
Guinea-Bissau,1986,0.02
Guinea-Bissau,1987,0.06
Guinea-Bissau,1988,
Guinea-Bissau,1989,0.18
Guinea-Bissau,1990,
Guinea-Bissau,1991,
Guinea-Bissau,1992,
Guinea-Bissau,1993,
Guinea-Bissau,1994,0.32
Guinea-Bissau,1995,0.5
Guinea-Bissau,1996,0.57
Guinea-Bissau,1997,0.65
Guinea-Bissau,1998,1.4
Guinea-Bissau,1999,
Guinea-Bissau,2000,2.63
Guinea-Bissau,2001,1.63
Guinea-Bissau,2002,1.56
Guinea-Bissau,2003,1.58
Guinea-Bissau,2004,
Guinea-Bissau,2005,1.89
Guinea-Bissau,2006,
Guinea-Bissau,2007,
Guinea-Bissau,2008,
Guinea-Bissau,2009,1.55
Guinea-Bissau,2010,1.82
Guinea-Bissau,2011,1.52
Guinea-Bissau,2012,2.33
Guinea-Bissau,2013,1.96
Guinea-Bissau,2014,1.89
Guinea-Bissau,2015,1.48
Guinea-Bissau,2016,1.26
Guinea-Bissau,2017,1.31
Guinea-Bissau,2018,1.38
Guinea-Bissau,2019,1.49
Guinea-Bissau,2020,1.52
Guinea-Bissau,2021,1.46
Guinea-Bissau,2022,1.4
Guinea-Bissau,2023,1.23
Guinea-Bissau,2024,
Guyana,1949,
Guyana,1950,
Guyana,1951,
Guyana,1952,
Guyana,1953,
Guyana,1954,
Guyana,1955,
Guyana,1956,
Guyana,1957,
Guyana,1958,
Guyana,1959,
Guyana,1960,
Guyana,1961,
Guyana,1962,
Guyana,1963,
Guyana,1964,
Guyana,1965,
Guyana,1966,
Guyana,1967,
Guyana,1968,
Guyana,1969,
Guyana,1970,
Guyana,1971,
Guyana,1972,
Guyana,1973,1.65
Guyana,1974,2.85
Guyana,1975,6.96
Guyana,1976,8.35
Guyana,1977,6.07
Guyana,1978,3.89
Guyana,1979,3.72
Guyana,1980,3.7
Guyana,1981,3.94
Guyana,1982,5.13
Guyana,1983,4.52
Guyana,1984,4.67
Guyana,1985,8.44
Guyana,1986,5.36
Guyana,1987,3.09
Guyana,1988,2.66
Guyana,1989,1.58
Guyana,1990,0.91
Guyana,1991,0.58
Guyana,1992,0.97
Guyana,1993,0.95
Guyana,1994,1.01
Guyana,1995,0.92
Guyana,1996,0.79
Guyana,1997,
Guyana,1998,
Guyana,1999,
Guyana,2000,1.77
Guyana,2001,2.02
Guyana,2002,2.29
Guyana,2003,2.2
Guyana,2004,2.81
Guyana,2005,1.41
Guyana,2006,0.81
Guyana,2007,0.91
Guyana,2008,1.01
Guyana,2009,0.98
Guyana,2010,0.91
Guyana,2011,0.88
Guyana,2012,0.83
Guyana,2013,0.84
Guyana,2014,0.95
Guyana,2015,1.08
Guyana,2016,1.15
Guyana,2017,1.25
Guyana,2018,1.29
Guyana,2019,1.3
Guyana,2020,1.4
Guyana,2021,0.95
Guyana,2022,0.6
Guyana,2023,0.64
Guyana,2024,0.87
Haiti,1949,
Haiti,1950,
Haiti,1951,
Haiti,1952,
Haiti,1953,
Haiti,1954,
Haiti,1955,
Haiti,1956,
Haiti,1957,
Haiti,1958,
Haiti,1959,
Haiti,1960,
Haiti,1961,
Haiti,1962,
Haiti,1963,
Haiti,1964,
Haiti,1965,
Haiti,1966,
Haiti,1967,
Haiti,1968,
Haiti,1969,
Haiti,1970,
Haiti,1971,
Haiti,1972,
Haiti,1973,
Haiti,1974,
Haiti,1975,
Haiti,1976,
Haiti,1977,
Haiti,1978,
Haiti,1979,
Haiti,1980,
Haiti,1981,
Haiti,1982,
Haiti,1983,
Haiti,1984,
Haiti,1985,
Haiti,1986,
Haiti,1987,
Haiti,1988,0.09
Haiti,1989,0.08
Haiti,1990,0.09
Haiti,1991,0.1
Haiti,1992,0.11
Haiti,1993,0.09
Haiti,1994,0.07
Haiti,1995,0.08
Haiti,1996,
Haiti,1997,
Haiti,1998,
Haiti,1999,
Haiti,2000,
Haiti,2001,
Haiti,2002,
Haiti,2003,
Haiti,2004,
Haiti,2005,
Haiti,2006,
Haiti,2007,
Haiti,2008,
Haiti,2009,
Haiti,2010,
Haiti,2011,
Haiti,2012,
Haiti,2013,0.03
Haiti,2014,0.04
Haiti,2015,0.04
Haiti,2016,0.05
Haiti,2017,0.04
Haiti,2018,0.06
Haiti,2019,0.09
Haiti,2020,0.1
Haiti,2021,0.15
Haiti,2022,0.07
Haiti,2023,0.05
Haiti,2024,0.07
Honduras,1949,
Honduras,1950,
Honduras,1951,0.96
Honduras,1952,0.91
Honduras,1953,0.96
Honduras,1954,1.0
Honduras,1955,1.1
Honduras,1956,1.12
Honduras,1957,1.65
Honduras,1958,1.72
Honduras,1959,1.51
Honduras,1960,1.17
Honduras,1961,1.08
Honduras,1962,0.99
Honduras,1963,0.93
Honduras,1964,1.28
Honduras,1965,1.23
Honduras,1966,1.18
Honduras,1967,1.14
Honduras,1968,1.09
Honduras,1969,1.07
Honduras,1970,1.37
Honduras,1971,1.47
Honduras,1972,1.84
Honduras,1973,1.68
Honduras,1974,1.6
Honduras,1975,1.9
Honduras,1976,1.76
Honduras,1977,1.9
Honduras,1978,2.27
Honduras,1979,2.24
Honduras,1980,2.22
Honduras,1981,2.15
Honduras,1982,2.31
Honduras,1983,2.27
Honduras,1984,2.44
Honduras,1985,2.58
Honduras,1986,2.77
Honduras,1987,2.95
Honduras,1988,2.85
Honduras,1989,2.67
Honduras,1990,2.2
Honduras,1991,1.54
Honduras,1992,
Honduras,1993,1.16
Honduras,1994,
Honduras,1995,
Honduras,1996,
Honduras,1997,
Honduras,1998,
Honduras,1999,
Honduras,2000,0.73
Honduras,2001,0.82
Honduras,2002,0.81
Honduras,2003,1.0
Honduras,2004,0.68
Honduras,2005,0.64
Honduras,2006,0.69
Honduras,2007,0.78
Honduras,2008,0.95
Honduras,2009,1.07
Honduras,2010,1.07
Honduras,2011,1.13
Honduras,2012,1.13
Honduras,2013,1.38
Honduras,2014,1.19
Honduras,2015,1.35
Honduras,2016,1.53
Honduras,2017,1.59
Honduras,2018,1.49
Honduras,2019,1.58
Honduras,2020,1.47
Honduras,2021,1.5
Honduras,2022,1.47
Honduras,2023,1.52
Honduras,2024,1.58
Hungary,1949,
Hungary,1950,
Hungary,1951,
Hungary,1952,
Hungary,1953,
Hungary,1954,
Hungary,1955,
Hungary,1956,
Hungary,1957,
Hungary,1958,
Hungary,1959,
Hungary,1960,
Hungary,1961,
Hungary,1962,
Hungary,1963,
Hungary,1964,
Hungary,1965,
Hungary,1966,
Hungary,1967,
Hungary,1968,
Hungary,1969,
Hungary,1970,4.03
Hungary,1971,3.74
Hungary,1972,3.27
Hungary,1973,3.01
Hungary,1974,3.21
Hungary,1975,3.34
Hungary,1976,3.01
Hungary,1977,2.96
Hungary,1978,3.24
Hungary,1979,3.24
Hungary,1980,3.34
Hungary,1981,3.33
Hungary,1982,3.24
Hungary,1983,3.34
Hungary,1984,3.15
Hungary,1985,4.97
Hungary,1986,3.22
Hungary,1987,3.16
Hungary,1988,3.6
Hungary,1989,2.79
Hungary,1990,2.56
Hungary,1991,2.16
Hungary,1992,2.18
Hungary,1993,1.91
Hungary,1994,1.82
Hungary,1995,1.31
Hungary,1996,1.25
Hungary,1997,1.47
Hungary,1998,1.27
Hungary,1999,1.43
Hungary,2000,1.51
Hungary,2001,1.57
Hungary,2002,1.6
Hungary,2003,1.65
Hungary,2004,1.47
Hungary,2005,1.41
Hungary,2006,1.22
Hungary,2007,1.27
Hungary,2008,1.18
Hungary,2009,1.13
Hungary,2010,1.02
Hungary,2011,1.04
Hungary,2012,1.03
Hungary,2013,0.94
Hungary,2014,0.86
Hungary,2015,0.9
Hungary,2016,1.0
Hungary,2017,1.19
Hungary,2018,1.0
Hungary,2019,1.33
Hungary,2020,1.75
Hungary,2021,1.32
Hungary,2022,1.83
Hungary,2023,2.05
Hungary,2024,2.16
Iceland,1949,
Iceland,1950,
Iceland,1951,
Iceland,1952,
Iceland,1953,
Iceland,1954,
Iceland,1955,
Iceland,1956,
Iceland,1957,
Iceland,1958,
Iceland,1959,
Iceland,1960,
Iceland,1961,
Iceland,1962,
Iceland,1963,
Iceland,1964,
Iceland,1965,
Iceland,1966,
Iceland,1967,
Iceland,1968,
Iceland,1969,
Iceland,1970,
Iceland,1971,
Iceland,1972,
Iceland,1973,
Iceland,1974,
Iceland,1975,
Iceland,1976,
Iceland,1977,
Iceland,1978,
Iceland,1979,
Iceland,1980,
Iceland,1981,
Iceland,1982,
Iceland,1983,
Iceland,1984,
Iceland,1985,
Iceland,1986,
Iceland,1987,
Iceland,1988,
Iceland,1989,
Iceland,1990,
Iceland,1991,
Iceland,1992,
Iceland,1993,
Iceland,1994,
Iceland,1995,
Iceland,1996,
Iceland,1997,
Iceland,1998,
Iceland,1999,
Iceland,2000,
Iceland,2001,
Iceland,2002,
Iceland,2003,
Iceland,2004,
Iceland,2005,
Iceland,2006,
Iceland,2007,
Iceland,2008,
Iceland,2009,
Iceland,2010,
Iceland,2011,
Iceland,2012,
Iceland,2013,
Iceland,2014,
Iceland,2015,
Iceland,2016,
Iceland,2017,
Iceland,2018,
Iceland,2019,
Iceland,2020,
Iceland,2021,
Iceland,2022,
Iceland,2023,
Iceland,2024,
India,1949,
India,1950,
India,1951,
India,1952,
India,1953,
India,1954,
India,1955,
India,1956,2.02
India,1957,2.48
India,1958,1.92
India,1959,2.14
India,1960,2.0
India,1961,2.07
India,1962,2.75
India,1963,4.03
India,1964,3.82
India,1965,3.87
India,1966,3.57
India,1967,3.22
India,1968,3.25
India,1969,3.14
India,1970,3.19
India,1971,3.65
India,1972,3.72
India,1973,3.16
India,1974,3.2
India,1975,3.53
India,1976,3.48
India,1977,3.16
India,1978,3.13
India,1979,3.26
India,1980,3.13
India,1981,3.19
India,1982,3.35
India,1983,3.32
India,1984,3.42
India,1985,3.57
India,1986,4.11
India,1987,4.23
India,1988,3.73
India,1989,3.53
India,1990,3.15
India,1991,2.91
India,1992,2.7
India,1993,2.82
India,1994,2.66
India,1995,2.58
India,1996,2.47
India,1997,2.65
India,1998,2.73
India,1999,2.96
India,2000,2.95
India,2001,2.92
India,2002,2.83
India,2003,2.68
India,2004,2.83
India,2005,2.91
India,2006,2.68
India,2007,2.48
India,2008,2.63
India,2009,3.13
India,2010,2.89
India,2011,2.7
India,2012,2.62
India,2013,2.55
India,2014,2.54
India,2015,2.46
India,2016,2.54
India,2017,2.53
India,2018,2.42
India,2019,2.55
India,2020,2.8
India,2021,2.47
India,2022,2.38
India,2023,2.36
India,2024,2.27
Indonesia,1949,
Indonesia,1950,
Indonesia,1951,
Indonesia,1952,
Indonesia,1953,
Indonesia,1954,
Indonesia,1955,
Indonesia,1956,
Indonesia,1957,
Indonesia,1958,
Indonesia,1959,
Indonesia,1960,
Indonesia,1961,
Indonesia,1962,
Indonesia,1963,
Indonesia,1964,
Indonesia,1965,
Indonesia,1966,
Indonesia,1967,
Indonesia,1968,
Indonesia,1969,
Indonesia,1970,
Indonesia,1971,
Indonesia,1972,
Indonesia,1973,
Indonesia,1974,2.71
Indonesia,1975,3.49
Indonesia,1976,3.42
Indonesia,1977,3.21
Indonesia,1978,3.16
Indonesia,1979,3.02
Indonesia,1980,2.92
Indonesia,1981,2.88
Indonesia,1982,2.9
Indonesia,1983,2.4
Indonesia,1984,2.29
Indonesia,1985,2.17
Indonesia,1986,2.01
Indonesia,1987,1.72
Indonesia,1988,1.53
Indonesia,1989,1.39
Indonesia,1990,1.41
Indonesia,1991,1.32
Indonesia,1992,1.36
Indonesia,1993,1.22
Indonesia,1994,1.27
Indonesia,1995,1.23
Indonesia,1996,1.26
Indonesia,1997,1.5
Indonesia,1998,1.02
Indonesia,1999,0.81
Indonesia,2000,0.68
Indonesia,2001,0.57
Indonesia,2002,0.7
Indonesia,2003,0.91
Indonesia,2004,0.95
Indonesia,2005,0.75
Indonesia,2006,0.66
Indonesia,2007,0.71
Indonesia,2008,0.58
Indonesia,2009,0.57
Indonesia,2010,0.62
Indonesia,2011,0.65
Indonesia,2012,0.71
Indonesia,2013,0.92
Indonesia,2014,0.78
Indonesia,2015,0.88
Indonesia,2016,0.79
Indonesia,2017,0.87
Indonesia,2018,0.72
Indonesia,2019,0.73
Indonesia,2020,0.89
Indonesia,2021,0.74
Indonesia,2022,0.77
Indonesia,2023,0.82
Indonesia,2024,0.78
Iran,1949,
Iran,1950,
Iran,1951,
Iran,1952,
Iran,1953,
Iran,1954,
Iran,1955,
Iran,1956,
Iran,1957,
Iran,1958,
Iran,1959,
Iran,1960,2.29
Iran,1961,2.35
Iran,1962,2.31
Iran,1963,2.59
Iran,1964,2.88
Iran,1965,3.25
Iran,1966,3.82
Iran,1967,4.46
Iran,1968,5.18
Iran,1969,5.97
Iran,1970,5.86
Iran,1971,3.05
Iran,1972,2.28
Iran,1973,1.86
Iran,1974,8.75
Iran,1975,12.07
Iran,1976,11.25
Iran,1977,10.19
Iran,1978,11.11
Iran,1979,5.8
Iran,1980,5.34
Iran,1981,8.19
Iran,1982,7.91
Iran,1983,7.1
Iran,1984,6.35
Iran,1985,6.51
Iran,1986,6.08
Iran,1987,5.89
Iran,1988,6.27
Iran,1989,4.56
Iran,1990,2.94
Iran,1991,2.17
Iran,1992,1.79
Iran,1993,1.7
Iran,1994,2.07
Iran,1995,2.15
Iran,1996,2.24
Iran,1997,2.5
Iran,1998,2.63
Iran,1999,2.4
Iran,2000,2.3
Iran,2001,2.42
Iran,2002,2.17
Iran,2003,2.41
Iran,2004,2.83
Iran,2005,3.04
Iran,2006,3.32
Iran,2007,2.65
Iran,2008,2.68
Iran,2009,3.05
Iran,2010,2.79
Iran,2011,2.38
Iran,2012,2.69
Iran,2013,2.18
Iran,2014,2.12
Iran,2015,2.56
Iran,2016,2.8
Iran,2017,2.84
Iran,2018,2.36
Iran,2019,2.15
Iran,2020,2.18
Iran,2021,2.22
Iran,2022,2.11
Iran,2023,2.35
Iran,2024,2.01
Iraq,1949,
Iraq,1950,
Iraq,1951,
Iraq,1952,
Iraq,1953,
Iraq,1954,
Iraq,1955,
Iraq,1956,
Iraq,1957,6.54
Iraq,1958,6.08
Iraq,1959,6.71
Iraq,1960,7.05
Iraq,1961,6.85
Iraq,1962,6.91
Iraq,1963,8.25
Iraq,1964,7.96
Iraq,1965,8.87
Iraq,1966,8.52
Iraq,1967,8.43
Iraq,1968,9.22
Iraq,1969,11.38
Iraq,1970,11.17
Iraq,1971,10.52
Iraq,1972,10.64
Iraq,1973,12.26
Iraq,1974,12.49
Iraq,1975,11.67
Iraq,1976,11.16
Iraq,1977,9.81
Iraq,1978,8.12
Iraq,1979,6.15
Iraq,1980,5.51
Iraq,1981,10.83
Iraq,1982,
Iraq,1983,
Iraq,1984,
Iraq,1985,
Iraq,1986,
Iraq,1987,
Iraq,1988,
Iraq,1989,
Iraq,1990,
Iraq,1991,
Iraq,1992,
Iraq,1993,
Iraq,1994,
Iraq,1995,
Iraq,1996,
Iraq,1997,
Iraq,1998,
Iraq,1999,
Iraq,2000,
Iraq,2001,
Iraq,2002,
Iraq,2003,
Iraq,2004,1.68
Iraq,2005,2.24
Iraq,2006,1.9
Iraq,2007,2.24
Iraq,2008,2.37
Iraq,2009,2.9
Iraq,2010,2.71
Iraq,2011,2.3
Iraq,2012,1.9
Iraq,2013,3.32
Iraq,2014,2.95
Iraq,2015,5.41
Iraq,2016,3.55
Iraq,2017,3.91
Iraq,2018,2.75
Iraq,2019,3.24
Iraq,2020,3.11
Iraq,2021,2.26
Iraq,2022,1.64
Iraq,2023,2.26
Iraq,2024,2.36
Ireland,1949,
Ireland,1950,
Ireland,1951,
Ireland,1952,
Ireland,1953,
Ireland,1954,
Ireland,1955,
Ireland,1956,
Ireland,1957,
Ireland,1958,1.45
Ireland,1959,1.42
Ireland,1960,1.33
Ireland,1961,1.32
Ireland,1962,1.29
Ireland,1963,1.24
Ireland,1964,1.3
Ireland,1965,1.33
Ireland,1966,1.23
Ireland,1967,1.19
Ireland,1968,1.13
Ireland,1969,1.1
Ireland,1970,1.16
Ireland,1971,1.24
Ireland,1972,1.33
Ireland,1973,1.31
Ireland,1974,1.41
Ireland,1975,1.63
Ireland,1976,1.62
Ireland,1977,1.53
Ireland,1978,1.48
Ireland,1979,1.58
Ireland,1980,1.67
Ireland,1981,1.58
Ireland,1982,1.59
Ireland,1983,1.49
Ireland,1984,1.41
Ireland,1985,1.42
Ireland,1986,1.42
Ireland,1987,1.28
Ireland,1988,1.2
Ireland,1989,1.11
Ireland,1990,1.2
Ireland,1991,1.25
Ireland,1992,1.2
Ireland,1993,1.14
Ireland,1994,1.11
Ireland,1995,1.02
Ireland,1996,0.99
Ireland,1997,0.92
Ireland,1998,0.82
Ireland,1999,0.75
Ireland,2000,0.69
Ireland,2001,0.7
Ireland,2002,0.63
Ireland,2003,0.59
Ireland,2004,0.57
Ireland,2005,0.54
Ireland,2006,0.51
Ireland,2007,0.51
Ireland,2008,0.58
Ireland,2009,0.6
Ireland,2010,0.57
Ireland,2011,0.54
Ireland,2012,0.51
Ireland,2013,0.49
Ireland,2014,0.45
Ireland,2015,0.33
Ireland,2016,0.33
Ireland,2017,0.3
Ireland,2018,0.28
Ireland,2019,0.27
Ireland,2020,0.26
Ireland,2021,0.24
Ireland,2022,0.21
Ireland,2023,0.23
Ireland,2024,0.24
Israel,1949,
Israel,1950,
Israel,1951,
Israel,1952,
Israel,1953,
Israel,1954,
Israel,1955,
Israel,1956,
Israel,1957,
Israel,1958,
Israel,1959,
Israel,1960,7.46
Israel,1961,7.87
Israel,1962,9.16
Israel,1963,9.75
Israel,1964,8.98
Israel,1965,8.57
Israel,1966,9.43
Israel,1967,15.44
Israel,1968,17.43
Israel,1969,19.09
Israel,1970,23.45
Israel,1971,22.8
Israel,1972,20.37
Israel,1973,27.86
Israel,1974,27.66
Israel,1975,30.46
Israel,1976,29.25
Israel,1977,23.09
Israel,1978,22.89
Israel,1979,19.38
Israel,1980,18.92
Israel,1981,20.26
Israel,1982,18.39
Israel,1983,15.55
Israel,1984,16.18
Israel,1985,16.6
Israel,1986,14.77
Israel,1987,16.9
Israel,1988,15.95
Israel,1989,12.45
Israel,1990,12.36
Israel,1991,15.59
Israel,1992,10.93
Israel,1993,11.52
Israel,1994,10.12
Israel,1995,7.53
Israel,1996,7.38
Israel,1997,7.18
Israel,1998,6.71
Israel,1999,6.3
Israel,2000,6.1
Israel,2001,6.3
Israel,2002,6.37
Israel,2003,6.25
Israel,2004,6.14
Israel,2005,6.05
Israel,2006,5.86
Israel,2007,6.16
Israel,2008,6.24
Israel,2009,5.98
Israel,2010,5.79
Israel,2011,5.63
Israel,2012,5.51
Israel,2013,5.44
Israel,2014,5.63
Israel,2015,5.42
Israel,2016,5.42
Israel,2017,5.43
Israel,2018,5.29
Israel,2019,5.07
Israel,2020,5.28
Israel,2021,4.93
Israel,2022,4.43
Israel,2023,5.38
Israel,2024,8.78
Italy,1949,
Italy,1950,
Italy,1951,3.78
Italy,1952,3.99
Italy,1953,3.33
Italy,1954,3.53
Italy,1955,3.25
Italy,1956,3.17
Italy,1957,3.09
Italy,1958,3.04
Italy,1959,2.95
Italy,1960,2.71
Italy,1961,2.57
Italy,1962,2.63
Italy,1963,2.75
Italy,1964,2.73
Italy,1965,2.75
Italy,1966,2.99
Italy,1967,2.77
Italy,1968,2.65
Italy,1969,2.42
Italy,1970,2.06
Italy,1971,2.24
Italy,1972,2.39
Italy,1973,2.2
Italy,1974,2.07
Italy,1975,1.98
Italy,1976,1.83
Italy,1977,1.89
Italy,1978,1.88
Italy,1979,1.87
Italy,1980,1.76
Italy,1981,1.82
Italy,1982,2.01
Italy,1983,2.02
Italy,1984,2.01
Italy,1985,1.94
Italy,1986,1.98
Italy,1987,2.06
Italy,1988,2.07
Italy,1989,2.03
Italy,1990,1.88
Italy,1991,1.86
Italy,1992,1.75
Italy,1993,1.79
Italy,1994,1.71
Italy,1995,1.46
Italy,1996,1.58
Italy,1997,1.62
Italy,1998,1.64
Italy,1999,1.68
Italy,2000,1.73
Italy,2001,1.67
Italy,2002,1.69
Italy,2003,1.7
Italy,2004,1.67
Italy,2005,1.6
Italy,2006,1.51
Italy,2007,1.44
Italy,2008,1.53
Italy,2009,1.55
Italy,2010,1.49
Italy,2011,1.47
Italy,2012,1.42
Italy,2013,1.39
Italy,2014,1.28
Italy,2015,1.2
Italy,2016,1.33
Italy,2017,1.35
Italy,2018,1.35
Italy,2019,1.31
Italy,2020,1.73
Italy,2021,1.66
Italy,2022,1.65
Italy,2023,1.61
Italy,2024,1.61
Jamaica,1949,
Jamaica,1950,
Jamaica,1951,
Jamaica,1952,
Jamaica,1953,
Jamaica,1954,
Jamaica,1955,
Jamaica,1956,
Jamaica,1957,
Jamaica,1958,
Jamaica,1959,
Jamaica,1960,
Jamaica,1961,
Jamaica,1962,
Jamaica,1963,
Jamaica,1964,
Jamaica,1965,
Jamaica,1966,
Jamaica,1967,
Jamaica,1968,
Jamaica,1969,
Jamaica,1970,
Jamaica,1971,
Jamaica,1972,
Jamaica,1973,
Jamaica,1974,
Jamaica,1975,
Jamaica,1976,0.93
Jamaica,1977,0.94
Jamaica,1978,
Jamaica,1979,
Jamaica,1980,
Jamaica,1981,1.51
Jamaica,1982,1.63
Jamaica,1983,1.39
Jamaica,1984,1.06
Jamaica,1985,0.89
Jamaica,1986,0.85
Jamaica,1987,0.77
Jamaica,1988,0.81
Jamaica,1989,0.93
Jamaica,1990,0.84
Jamaica,1991,0.76
Jamaica,1992,1.11
Jamaica,1993,0.82
Jamaica,1994,0.63
Jamaica,1995,0.54
Jamaica,1996,0.57
Jamaica,1997,0.66
Jamaica,1998,0.54
Jamaica,1999,0.51
Jamaica,2000,0.49
Jamaica,2001,0.5
Jamaica,2002,0.59
Jamaica,2003,0.58
Jamaica,2004,0.54
Jamaica,2005,0.53
Jamaica,2006,0.61
Jamaica,2007,0.65
Jamaica,2008,0.95
Jamaica,2009,0.95
Jamaica,2010,0.87
Jamaica,2011,0.93
Jamaica,2012,0.93
Jamaica,2013,0.9
Jamaica,2014,0.87
Jamaica,2015,0.87
Jamaica,2016,0.95
Jamaica,2017,0.97
Jamaica,2018,1.33
Jamaica,2019,1.68
Jamaica,2020,1.71
Jamaica,2021,1.47
Jamaica,2022,1.29
Jamaica,2023,1.19
Jamaica,2024,1.27
Japan,1949,
Japan,1950,
Japan,1951,
Japan,1952,2.07
Japan,1953,2.03
Japan,1954,2.19
Japan,1955,2.1
Japan,1956,1.75
Japan,1957,1.5
Japan,1958,1.43
Japan,1959,1.26
Japan,1960,1.08
Japan,1961,0.92
Japan,1962,0.88
Japan,1963,0.9
Japan,1964,0.88
Japan,1965,0.9
Japan,1966,0.88
Japan,1967,0.84
Japan,1968,0.79
Japan,1969,0.77
Japan,1970,0.77
Japan,1971,0.82
Japan,1972,0.84
Japan,1973,0.82
Japan,1974,0.86
Japan,1975,0.91
Japan,1976,0.89
Japan,1977,0.89
Japan,1978,0.89
Japan,1979,0.91
Japan,1980,0.91
Japan,1981,0.92
Japan,1982,0.93
Japan,1983,0.95
Japan,1984,0.96
Japan,1985,0.96
Japan,1986,0.96
Japan,1987,0.97
Japan,1988,0.95
Japan,1989,0.94
Japan,1990,0.94
Japan,1991,0.94
Japan,1992,0.95
Japan,1993,0.95
Japan,1994,0.91
Japan,1995,0.9
Japan,1996,0.89
Japan,1997,0.9
Japan,1998,0.92
Japan,1999,0.93
Japan,2000,0.92
Japan,2001,0.93
Japan,2002,0.94
Japan,2003,0.94
Japan,2004,0.93
Japan,2005,0.92
Japan,2006,0.9
Japan,2007,0.88
Japan,2008,0.91
Japan,2009,0.97
Japan,2010,0.95
Japan,2011,0.97
Japan,2012,0.96
Japan,2013,0.94
Japan,2014,0.96
Japan,2015,0.95
Japan,2016,0.93
Japan,2017,0.91
Japan,2018,0.96
Japan,2019,0.99
Japan,2020,1.02
Japan,2021,1.06
Japan,2022,1.01
Japan,2023,1.14
Japan,2024,1.37
Jordan,1949,
Jordan,1950,
Jordan,1951,
Jordan,1952,
Jordan,1953,
Jordan,1954,
Jordan,1955,
Jordan,1956,
Jordan,1957,
Jordan,1958,
Jordan,1959,22.54
Jordan,1960,20.4
Jordan,1961,16.51
Jordan,1962,18.15
Jordan,1963,17.12
Jordan,1964,14.84
Jordan,1965,13.41
Jordan,1966,19.49
Jordan,1967,23.49
Jordan,1968,24.06
Jordan,1969,
Jordan,1970,18.51
Jordan,1971,17.15
Jordan,1972,18.36
Jordan,1973,18.67
Jordan,1974,17.51
Jordan,1975,15.25
Jordan,1976,17.24
Jordan,1977,12.53
Jordan,1978,11.72
Jordan,1979,12.21
Jordan,1980,10.65
Jordan,1981,10.01
Jordan,1982,9.94
Jordan,1983,9.85
Jordan,1984,9.22
Jordan,1985,10.05
Jordan,1986,9.77
Jordan,1987,9.58
Jordan,1988,9.36
Jordan,1989,9.07
Jordan,1990,7.75
Jordan,1991,9.97
Jordan,1992,6.92
Jordan,1993,6.98
Jordan,1994,6.54
Jordan,1995,4.45
Jordan,1996,6.03
Jordan,1997,6.13
Jordan,1998,6.27
Jordan,1999,6.28
Jordan,2000,6.26
Jordan,2001,5.89
Jordan,2002,5.45
Jordan,2003,6.0
Jordan,2004,5.14
Jordan,2005,4.8
Jordan,2006,4.66
Jordan,2007,5.85
Jordan,2008,5.99
Jordan,2009,6.39
Jordan,2010,5.74
Jordan,2011,5.4
Jordan,2012,4.66
Jordan,2013,4.19
Jordan,2014,4.2
Jordan,2015,4.19
Jordan,2016,4.44
Jordan,2017,4.68
Jordan,2018,4.56
Jordan,2019,4.57
Jordan,2020,4.7
Jordan,2021,4.7
Jordan,2022,4.8
Jordan,2023,4.81
Jordan,2024,4.8
Kazakhstan,1949,
Kazakhstan,1950,
Kazakhstan,1951,
Kazakhstan,1952,
Kazakhstan,1953,
Kazakhstan,1954,
Kazakhstan,1955,
Kazakhstan,1956,
Kazakhstan,1957,
Kazakhstan,1958,
Kazakhstan,1959,
Kazakhstan,1960,
Kazakhstan,1961,
Kazakhstan,1962,
Kazakhstan,1963,
Kazakhstan,1964,
Kazakhstan,1965,
Kazakhstan,1966,
Kazakhstan,1967,
Kazakhstan,1968,
Kazakhstan,1969,
Kazakhstan,1970,
Kazakhstan,1971,
Kazakhstan,1972,
Kazakhstan,1973,
Kazakhstan,1974,
Kazakhstan,1975,
Kazakhstan,1976,
Kazakhstan,1977,
Kazakhstan,1978,
Kazakhstan,1979,
Kazakhstan,1980,
Kazakhstan,1981,
Kazakhstan,1982,
Kazakhstan,1983,
Kazakhstan,1984,
Kazakhstan,1985,
Kazakhstan,1986,
Kazakhstan,1987,
Kazakhstan,1988,
Kazakhstan,1989,
Kazakhstan,1990,
Kazakhstan,1991,
Kazakhstan,1992,
Kazakhstan,1993,1.06
Kazakhstan,1994,0.84
Kazakhstan,1995,1.03
Kazakhstan,1996,1.2
Kazakhstan,1997,1.11
Kazakhstan,1998,1.15
Kazakhstan,1999,0.82
Kazakhstan,2000,0.78
Kazakhstan,2001,1.0
Kazakhstan,2002,1.0
Kazakhstan,2003,1.03
Kazakhstan,2004,0.99
Kazakhstan,2005,1.04
Kazakhstan,2006,0.98
Kazakhstan,2007,1.3
Kazakhstan,2008,1.15
Kazakhstan,2009,1.1
Kazakhstan,2010,1.01
Kazakhstan,2011,0.94
Kazakhstan,2012,1.05
Kazakhstan,2013,1.08
Kazakhstan,2014,1.04
Kazakhstan,2015,1.11
Kazakhstan,2016,0.93
Kazakhstan,2017,0.83
Kazakhstan,2018,0.84
Kazakhstan,2019,1.02
Kazakhstan,2020,0.91
Kazakhstan,2021,0.82
Kazakhstan,2022,0.52
Kazakhstan,2023,0.44
Kazakhstan,2024,0.43
Kenya,1949,
Kenya,1950,
Kenya,1951,
Kenya,1952,
Kenya,1953,
Kenya,1954,
Kenya,1955,
Kenya,1956,
Kenya,1957,
Kenya,1958,
Kenya,1959,
Kenya,1960,0.33
Kenya,1961,0.11
Kenya,1962,0.08
Kenya,1963,0.21
Kenya,1964,0.59
Kenya,1965,0.99
Kenya,1966,1.13
Kenya,1967,1.3
Kenya,1968,1.22
Kenya,1969,1.08
Kenya,1970,1.06
Kenya,1971,1.23
Kenya,1972,1.54
Kenya,1973,1.66
Kenya,1974,1.78
Kenya,1975,1.88
Kenya,1976,2.48
Kenya,1977,3.74
Kenya,1978,5.2
Kenya,1979,5.5
Kenya,1980,4.52
Kenya,1981,4.23
Kenya,1982,4.57
Kenya,1983,4.2
Kenya,1984,3.48
Kenya,1985,2.38
Kenya,1986,2.5
Kenya,1987,3.13
Kenya,1988,2.95
Kenya,1989,2.74
Kenya,1990,2.89
Kenya,1991,2.35
Kenya,1992,1.9
Kenya,1993,1.84
Kenya,1994,1.64
Kenya,1995,1.65
Kenya,1996,1.42
Kenya,1997,1.34
Kenya,1998,1.22
Kenya,1999,1.19
Kenya,2000,1.31
Kenya,2001,1.5
Kenya,2002,1.63
Kenya,2003,1.65
Kenya,2004,1.61
Kenya,2005,1.69
Kenya,2006,1.46
Kenya,2007,1.55
Kenya,2008,1.62
Kenya,2009,1.37
Kenya,2010,1.37
Kenya,2011,1.38
Kenya,2012,1.49
Kenya,2013,1.4
Kenya,2014,1.2
Kenya,2015,1.2
Kenya,2016,1.25
Kenya,2017,1.24
Kenya,2018,1.21
Kenya,2019,1.11
Kenya,2020,1.11
Kenya,2021,1.08
Kenya,2022,1.01
Kenya,2023,0.98
Kenya,2024,1.0
Kosovo,1949,
Kosovo,1950,
Kosovo,1951,
Kosovo,1952,
Kosovo,1953,
Kosovo,1954,
Kosovo,1955,
Kosovo,1956,
Kosovo,1957,
Kosovo,1958,
Kosovo,1959,
Kosovo,1960,
Kosovo,1961,
Kosovo,1962,
Kosovo,1963,
Kosovo,1964,
Kosovo,1965,
Kosovo,1966,
Kosovo,1967,
Kosovo,1968,
Kosovo,1969,
Kosovo,1970,
Kosovo,1971,
Kosovo,1972,
Kosovo,1973,
Kosovo,1974,
Kosovo,1975,
Kosovo,1976,
Kosovo,1977,
Kosovo,1978,
Kosovo,1979,
Kosovo,1980,
Kosovo,1981,
Kosovo,1982,
Kosovo,1983,
Kosovo,1984,
Kosovo,1985,
Kosovo,1986,
Kosovo,1987,
Kosovo,1988,
Kosovo,1989,
Kosovo,1990,
Kosovo,1991,
Kosovo,1992,
Kosovo,1993,
Kosovo,1994,
Kosovo,1995,
Kosovo,1996,
Kosovo,1997,
Kosovo,1998,
Kosovo,1999,
Kosovo,2000,
Kosovo,2001,
Kosovo,2002,
Kosovo,2003,
Kosovo,2004,
Kosovo,2005,
Kosovo,2006,
Kosovo,2007,
Kosovo,2008,0.02
Kosovo,2009,0.48
Kosovo,2010,0.72
Kosovo,2011,0.8
Kosovo,2012,0.7
Kosovo,2013,0.72
Kosovo,2014,0.76
Kosovo,2015,0.79
Kosovo,2016,0.78
Kosovo,2017,0.8
Kosovo,2018,0.8
Kosovo,2019,0.83
Kosovo,2020,1.02
Kosovo,2021,0.85
Kosovo,2022,1.15
Kosovo,2023,1.27
Kosovo,2024,1.48
Kuwait,1949,
Kuwait,1950,
Kuwait,1951,
Kuwait,1952,
Kuwait,1953,
Kuwait,1954,
Kuwait,1955,
Kuwait,1956,
Kuwait,1957,
Kuwait,1958,
Kuwait,1959,
Kuwait,1960,
Kuwait,1961,
Kuwait,1962,
Kuwait,1963,
Kuwait,1964,
Kuwait,1965,
Kuwait,1966,
Kuwait,1967,
Kuwait,1968,
Kuwait,1969,
Kuwait,1970,2.39
Kuwait,1971,1.89
Kuwait,1972,2.04
Kuwait,1973,2.52
Kuwait,1974,3.28
Kuwait,1975,
Kuwait,1976,
Kuwait,1977,5.29
Kuwait,1978,4.76
Kuwait,1979,3.55
Kuwait,1980,3.31
Kuwait,1981,4.13
Kuwait,1982,5.95
Kuwait,1983,6.83
Kuwait,1984,6.75
Kuwait,1985,6.43
Kuwait,1986,7.24
Kuwait,1987,5.98
Kuwait,1988,8.24
Kuwait,1989,8.54
Kuwait,1990,48.52
Kuwait,1991,117.35
Kuwait,1992,31.79
Kuwait,1993,12.44
Kuwait,1994,13.26
Kuwait,1995,13.58
Kuwait,1996,10.29
Kuwait,1997,8.09
Kuwait,1998,8.8
Kuwait,1999,7.59
Kuwait,2000,7.15
Kuwait,2001,7.7
Kuwait,2002,7.4
Kuwait,2003,6.54
Kuwait,2004,5.8
Kuwait,2005,4.34
Kuwait,2006,3.54
Kuwait,2007,3.59
Kuwait,2008,3.01
Kuwait,2009,3.97
Kuwait,2010,3.76
Kuwait,2011,3.5
Kuwait,2012,3.41
Kuwait,2013,3.27
Kuwait,2014,3.59
Kuwait,2015,5.01
Kuwait,2016,5.89
Kuwait,2017,5.61
Kuwait,2018,5.19
Kuwait,2019,5.32
Kuwait,2020,6.47
Kuwait,2021,6.35
Kuwait,2022,4.51
Kuwait,2023,4.77
Kuwait,2024,4.84
Kyrgyzstan,1949,
Kyrgyzstan,1950,
Kyrgyzstan,1951,
Kyrgyzstan,1952,
Kyrgyzstan,1953,
Kyrgyzstan,1954,
Kyrgyzstan,1955,
Kyrgyzstan,1956,
Kyrgyzstan,1957,
Kyrgyzstan,1958,
Kyrgyzstan,1959,
Kyrgyzstan,1960,
Kyrgyzstan,1961,
Kyrgyzstan,1962,
Kyrgyzstan,1963,
Kyrgyzstan,1964,
Kyrgyzstan,1965,
Kyrgyzstan,1966,
Kyrgyzstan,1967,
Kyrgyzstan,1968,
Kyrgyzstan,1969,
Kyrgyzstan,1970,
Kyrgyzstan,1971,
Kyrgyzstan,1972,
Kyrgyzstan,1973,
Kyrgyzstan,1974,
Kyrgyzstan,1975,
Kyrgyzstan,1976,
Kyrgyzstan,1977,
Kyrgyzstan,1978,
Kyrgyzstan,1979,
Kyrgyzstan,1980,
Kyrgyzstan,1981,
Kyrgyzstan,1982,
Kyrgyzstan,1983,
Kyrgyzstan,1984,
Kyrgyzstan,1985,
Kyrgyzstan,1986,
Kyrgyzstan,1987,
Kyrgyzstan,1988,
Kyrgyzstan,1989,
Kyrgyzstan,1990,
Kyrgyzstan,1991,
Kyrgyzstan,1992,1.64
Kyrgyzstan,1993,1.53
Kyrgyzstan,1994,2.59
Kyrgyzstan,1995,3.46
Kyrgyzstan,1996,2.99
Kyrgyzstan,1997,3.11
Kyrgyzstan,1998,2.67
Kyrgyzstan,1999,2.69
Kyrgyzstan,2000,2.88
Kyrgyzstan,2001,2.35
Kyrgyzstan,2002,2.73
Kyrgyzstan,2003,2.87
Kyrgyzstan,2004,2.85
Kyrgyzstan,2005,3.08
Kyrgyzstan,2006,3.17
Kyrgyzstan,2007,3.06
Kyrgyzstan,2008,2.9
Kyrgyzstan,2009,3.18
Kyrgyzstan,2010,3.85
Kyrgyzstan,2011,3.4
Kyrgyzstan,2012,3.21
Kyrgyzstan,2013,3.2
Kyrgyzstan,2014,3.38
Kyrgyzstan,2015,3.45
Kyrgyzstan,2016,3.34
Kyrgyzstan,2017,3.1
Kyrgyzstan,2018,3.03
Kyrgyzstan,2019,2.71
Kyrgyzstan,2020,3.11
Kyrgyzstan,2021,2.84
Kyrgyzstan,2022,2.9
Kyrgyzstan,2023,3.45
Kyrgyzstan,2024,2.97
Laos,1949,
Laos,1950,
Laos,1951,
Laos,1952,
Laos,1953,
Laos,1954,
Laos,1955,
Laos,1956,
Laos,1957,
Laos,1958,
Laos,1959,
Laos,1960,
Laos,1961,
Laos,1962,
Laos,1963,
Laos,1964,
Laos,1965,
Laos,1966,
Laos,1967,
Laos,1968,
Laos,1969,
Laos,1970,
Laos,1971,
Laos,1972,
Laos,1973,
Laos,1974,
Laos,1975,
Laos,1976,
Laos,1977,
Laos,1978,
Laos,1979,
Laos,1980,
Laos,1981,
Laos,1982,
Laos,1983,
Laos,1984,
Laos,1985,
Laos,1986,
Laos,1987,
Laos,1988,
Laos,1989,
Laos,1990,
Laos,1991,
Laos,1992,8.68
Laos,1993,8.11
Laos,1994,7.52
Laos,1995,5.83
Laos,1996,4.19
Laos,1997,3.84
Laos,1998,2.59
Laos,1999,1.06
Laos,2000,0.79
Laos,2001,0.72
Laos,2002,0.58
Laos,2003,0.49
Laos,2004,0.43
Laos,2005,0.39
Laos,2006,0.34
Laos,2007,0.31
Laos,2008,0.27
Laos,2009,0.22
Laos,2010,0.2
Laos,2011,0.21
Laos,2012,0.2
Laos,2013,0.19
Laos,2014,
Laos,2015,
Laos,2016,
Laos,2017,
Laos,2018,
Laos,2019,
Laos,2020,
Laos,2021,
Laos,2022,
Laos,2023,
Laos,2024,
Latvia,1949,
Latvia,1950,
Latvia,1951,
Latvia,1952,
Latvia,1953,
Latvia,1954,
Latvia,1955,
Latvia,1956,
Latvia,1957,
Latvia,1958,
Latvia,1959,
Latvia,1960,
Latvia,1961,
Latvia,1962,
Latvia,1963,
Latvia,1964,
Latvia,1965,
Latvia,1966,
Latvia,1967,
Latvia,1968,
Latvia,1969,
Latvia,1970,
Latvia,1971,
Latvia,1972,
Latvia,1973,
Latvia,1974,
Latvia,1975,
Latvia,1976,
Latvia,1977,
Latvia,1978,
Latvia,1979,
Latvia,1980,
Latvia,1981,
Latvia,1982,
Latvia,1983,
Latvia,1984,
Latvia,1985,
Latvia,1986,
Latvia,1987,
Latvia,1988,
Latvia,1989,
Latvia,1990,
Latvia,1991,
Latvia,1992,
Latvia,1993,0.74
Latvia,1994,0.84
Latvia,1995,0.83
Latvia,1996,0.66
Latvia,1997,0.6
Latvia,1998,0.6
Latvia,1999,0.77
Latvia,2000,0.9
Latvia,2001,1.06
Latvia,2002,1.59
Latvia,2003,1.68
Latvia,2004,1.66
Latvia,2005,1.67
Latvia,2006,1.8
Latvia,2007,1.64
Latvia,2008,1.7
Latvia,2009,1.42
Latvia,2010,1.11
Latvia,2011,1.11
Latvia,2012,0.94
Latvia,2013,0.97
Latvia,2014,0.98
Latvia,2015,1.07
Latvia,2016,1.5
Latvia,2017,1.65
Latvia,2018,2.13
Latvia,2019,2.09
Latvia,2020,2.23
Latvia,2021,2.16
Latvia,2022,2.25
Latvia,2023,2.97
Latvia,2024,3.26
Lebanon,1949,
Lebanon,1950,
Lebanon,1951,
Lebanon,1952,
Lebanon,1953,
Lebanon,1954,
Lebanon,1955,
Lebanon,1956,
Lebanon,1957,
Lebanon,1958,
Lebanon,1959,
Lebanon,1960,
Lebanon,1961,
Lebanon,1962,
Lebanon,1963,
Lebanon,1964,3.66
Lebanon,1965,3.89
Lebanon,1966,4.16
Lebanon,1967,4.84
Lebanon,1968,4.84
Lebanon,1969,4.64
Lebanon,1970,4.34
Lebanon,1971,4.0
Lebanon,1972,5.09
Lebanon,1973,3.82
Lebanon,1974,
Lebanon,1975,
Lebanon,1976,12.12
Lebanon,1977,4.73
Lebanon,1978,8.49
Lebanon,1979,10.07
Lebanon,1980,12.36
Lebanon,1981,9.58
Lebanon,1982,9.29
Lebanon,1983,13.46
Lebanon,1984,10.97
Lebanon,1985,6.29
Lebanon,1986,5.26
Lebanon,1987,1.12
Lebanon,1988,1.19
Lebanon,1989,
Lebanon,1990,7.55
Lebanon,1991,5.15
Lebanon,1992,7.98
Lebanon,1993,6.01
Lebanon,1994,7.0
Lebanon,1995,6.71
Lebanon,1996,5.66
Lebanon,1997,4.31
Lebanon,1998,4.02
Lebanon,1999,4.77
Lebanon,2000,5.39
Lebanon,2001,5.45
Lebanon,2002,4.75
Lebanon,2003,4.68
Lebanon,2004,4.51
Lebanon,2005,4.48
Lebanon,2006,4.58
Lebanon,2007,4.64
Lebanon,2008,4.02
Lebanon,2009,4.03
Lebanon,2010,4.12
Lebanon,2011,4.07
Lebanon,2012,3.99
Lebanon,2013,4.13
Lebanon,2014,4.72
Lebanon,2015,4.49
Lebanon,2016,5.1
Lebanon,2017,4.6
Lebanon,2018,5.06
Lebanon,2019,4.74
Lebanon,2020,3.03
Lebanon,2021,1.61
Lebanon,2022,1.4
Lebanon,2023,1.62
Lebanon,2024,2.59
Lesotho,1949,
Lesotho,1950,
Lesotho,1951,
Lesotho,1952,
Lesotho,1953,
Lesotho,1954,
Lesotho,1955,
Lesotho,1956,
Lesotho,1957,
Lesotho,1958,
Lesotho,1959,
Lesotho,1960,
Lesotho,1961,
Lesotho,1962,
Lesotho,1963,
Lesotho,1964,
Lesotho,1965,
Lesotho,1966,
Lesotho,1967,
Lesotho,1968,
Lesotho,1969,
Lesotho,1970,
Lesotho,1971,
Lesotho,1972,
Lesotho,1973,
Lesotho,1974,
Lesotho,1975,
Lesotho,1976,1.55
Lesotho,1977,1.44
Lesotho,1978,1.51
Lesotho,1979,1.85
Lesotho,1980,3.16
Lesotho,1981,3.31
Lesotho,1982,4.36
Lesotho,1983,4.01
Lesotho,1984,3.98
Lesotho,1985,4.31
Lesotho,1986,4.84
Lesotho,1987,4.18
Lesotho,1988,3.37
Lesotho,1989,4.31
Lesotho,1990,3.55
Lesotho,1991,2.89
Lesotho,1992,2.71
Lesotho,1993,2.48
Lesotho,1994,2.74
Lesotho,1995,3.24
Lesotho,1996,2.82
Lesotho,1997,2.71
Lesotho,1998,2.85
Lesotho,1999,3.56
Lesotho,2000,3.28
Lesotho,2001,2.74
Lesotho,2002,2.52
Lesotho,2003,2.37
Lesotho,2004,2.13
Lesotho,2005,2.05
Lesotho,2006,2.07
Lesotho,2007,2.37
Lesotho,2008,1.55
Lesotho,2009,2.72
Lesotho,2010,3.16
Lesotho,2011,2.26
Lesotho,2012,2.15
Lesotho,2013,2.03
Lesotho,2014,1.95
Lesotho,2015,1.87
Lesotho,2016,1.96
Lesotho,2017,2.27
Lesotho,2018,2.0
Lesotho,2019,1.88
Lesotho,2020,1.88
Lesotho,2021,1.54
Lesotho,2022,1.47
Lesotho,2023,1.63
Lesotho,2024,1.57
Liberia,1949,
Liberia,1950,
Liberia,1951,
Liberia,1952,
Liberia,1953,
Liberia,1954,
Liberia,1955,
Liberia,1956,
Liberia,1957,
Liberia,1958,
Liberia,1959,
Liberia,1960,
Liberia,1961,
Liberia,1962,
Liberia,1963,
Liberia,1964,
Liberia,1965,1.18
Liberia,1966,1.15
Liberia,1967,1.17
Liberia,1968,1.1
Liberia,1969,0.99
Liberia,1970,1.1
Liberia,1971,1.19
Liberia,1972,1.1
Liberia,1973,0.97
Liberia,1974,0.93
Liberia,1975,0.95
Liberia,1976,1.07
Liberia,1977,1.15
Liberia,1978,1.24
Liberia,1979,1.15
Liberia,1980,1.49
Liberia,1981,3.11
Liberia,1982,5.02
Liberia,1983,4.71
Liberia,1984,2.94
Liberia,1985,2.95
Liberia,1986,2.9
Liberia,1987,2.29
Liberia,1988,2.41
Liberia,1989,
Liberia,1990,
Liberia,1991,7.18
Liberia,1992,10.13
Liberia,1993,18.98
Liberia,1994,29.73
Liberia,1995,
Liberia,1996,
Liberia,1997,
Liberia,1998,
Liberia,1999,
Liberia,2000,
Liberia,2001,
Liberia,2002,
Liberia,2003,
Liberia,2004,0.5
Liberia,2005,0.69
Liberia,2006,0.35
Liberia,2007,0.21
Liberia,2008,0.29
Liberia,2009,0.38
Liberia,2010,0.46
Liberia,2011,0.54
Liberia,2012,0.57
Liberia,2013,0.5
Liberia,2014,0.47
Liberia,2015,0.48
Liberia,2016,0.45
Liberia,2017,0.4
Liberia,2018,0.41
Liberia,2019,0.42
Liberia,2020,0.42
Liberia,2021,0.85
Liberia,2022,1.31
Liberia,2023,1.42
Liberia,2024,0.71
Libya,1949,
Libya,1950,
Libya,1951,
Libya,1952,
Libya,1953,
Libya,1954,
Libya,1955,
Libya,1956,
Libya,1957,
Libya,1958,
Libya,1959,
Libya,1960,1.59
Libya,1961,1.86
Libya,1962,3.1
Libya,1963,2.41
Libya,1964,1.84
Libya,1965,1.86
Libya,1966,2.91
Libya,1967,3.36
Libya,1968,2.86
Libya,1969,3.76
Libya,1970,6.07
Libya,1971,5.32
Libya,1972,3.71
Libya,1973,3.98
Libya,1974,3.29
Libya,1975,2.25
Libya,1976,1.97
Libya,1977,2.46
Libya,1978,3.8
Libya,1979,3.22
Libya,1980,2.92
Libya,1981,1.76
Libya,1982,2.24
Libya,1983,
Libya,1984,
Libya,1985,
Libya,1986,
Libya,1987,
Libya,1988,
Libya,1989,
Libya,1990,
Libya,1991,
Libya,1992,
Libya,1993,
Libya,1994,
Libya,1995,
Libya,1996,
Libya,1997,4.08
Libya,1998,5.3
Libya,1999,3.78
Libya,2000,3.15
Libya,2001,2.41
Libya,2002,2.07
Libya,2003,2.07
Libya,2004,2.07
Libya,2005,1.53
Libya,2006,1.12
Libya,2007,0.95
Libya,2008,1.49
Libya,2009,
Libya,2010,
Libya,2011,
Libya,2012,3.75
Libya,2013,7.64
Libya,2014,15.48
Libya,2015,
Libya,2016,
Libya,2017,
Libya,2018,
Libya,2019,
Libya,2020,
Libya,2021,
Libya,2022,4.35
Libya,2023,5.29
Libya,2024,
Lithuania,1949,
Lithuania,1950,
Lithuania,1951,
Lithuania,1952,
Lithuania,1953,
Lithuania,1954,
Lithuania,1955,
Lithuania,1956,
Lithuania,1957,
Lithuania,1958,
Lithuania,1959,
Lithuania,1960,
Lithuania,1961,
Lithuania,1962,
Lithuania,1963,
Lithuania,1964,
Lithuania,1965,
Lithuania,1966,
Lithuania,1967,
Lithuania,1968,
Lithuania,1969,
Lithuania,1970,
Lithuania,1971,
Lithuania,1972,
Lithuania,1973,
Lithuania,1974,
Lithuania,1975,
Lithuania,1976,
Lithuania,1977,
Lithuania,1978,
Lithuania,1979,
Lithuania,1980,
Lithuania,1981,
Lithuania,1982,
Lithuania,1983,
Lithuania,1984,
Lithuania,1985,
Lithuania,1986,
Lithuania,1987,
Lithuania,1988,
Lithuania,1989,
Lithuania,1990,
Lithuania,1991,
Lithuania,1992,
Lithuania,1993,0.81
Lithuania,1994,0.49
Lithuania,1995,0.45
Lithuania,1996,0.5
Lithuania,1997,0.74
Lithuania,1998,1.22
Lithuania,1999,0.97
Lithuania,2000,1.22
Lithuania,2001,1.36
Lithuania,2002,1.27
Lithuania,2003,1.12
Lithuania,2004,1.19
Lithuania,2005,1.16
Lithuania,2006,1.17
Lithuania,2007,1.11
Lithuania,2008,1.13
Lithuania,2009,1.08
Lithuania,2010,0.89
Lithuania,2011,0.8
Lithuania,2012,0.77
Lithuania,2013,0.77
Lithuania,2014,0.88
Lithuania,2015,1.13
Lithuania,2016,1.48
Lithuania,2017,1.71
Lithuania,2018,1.95
Lithuania,2019,1.98
Lithuania,2020,2.05
Lithuania,2021,1.95
Lithuania,2022,2.44
Lithuania,2023,2.71
Lithuania,2024,3.12
Luxembourg,1949,
Luxembourg,1950,1.21
Luxembourg,1951,1.41
Luxembourg,1952,2.14
Luxembourg,1953,2.61
Luxembourg,1954,2.94
Luxembourg,1955,2.92
Luxembourg,1956,1.71
Luxembourg,1957,1.76
Luxembourg,1958,1.74
Luxembourg,1959,1.59
Luxembourg,1960,0.91
Luxembourg,1961,1.0
Luxembourg,1962,1.16
Luxembourg,1963,1.07
Luxembourg,1964,1.25
Luxembourg,1965,1.22
Luxembourg,1966,1.21
Luxembourg,1967,1.0
Luxembourg,1968,0.83
Luxembourg,1969,0.74
Luxembourg,1970,0.68
Luxembourg,1971,0.71
Luxembourg,1972,0.74
Luxembourg,1973,0.71
Luxembourg,1974,0.69
Luxembourg,1975,0.87
Luxembourg,1976,0.89
Luxembourg,1977,0.91
Luxembourg,1978,0.93
Luxembourg,1979,0.92
Luxembourg,1980,1.04
Luxembourg,1981,1.09
Luxembourg,1982,1.08
Luxembourg,1983,1.09
Luxembourg,1984,1.04
Luxembourg,1985,0.87
Luxembourg,1986,0.83
Luxembourg,1987,0.92
Luxembourg,1988,0.95
Luxembourg,1989,0.79
Luxembourg,1990,0.79
Luxembourg,1991,0.81
Luxembourg,1992,0.83
Luxembourg,1993,0.71
Luxembourg,1994,0.74
Luxembourg,1995,0.62
Luxembourg,1996,0.61
Luxembourg,1997,0.62
Luxembourg,1998,0.64
Luxembourg,1999,0.58
Luxembourg,2000,0.55
Luxembourg,2001,0.68
Luxembourg,2002,0.59
Luxembourg,2003,0.61
Luxembourg,2004,0.61
Luxembourg,2005,0.58
Luxembourg,2006,0.52
Luxembourg,2007,0.5
Luxembourg,2008,0.36
Luxembourg,2009,0.37
Luxembourg,2010,0.44
Luxembourg,2011,0.38
Luxembourg,2012,0.36
Luxembourg,2013,0.36
Luxembourg,2014,0.37
Luxembourg,2015,0.42
Luxembourg,2016,0.38
Luxembourg,2017,0.5
Luxembourg,2018,0.5
Luxembourg,2019,0.55
Luxembourg,2020,0.58
Luxembourg,2021,0.47
Luxembourg,2022,0.63
Luxembourg,2023,0.77
Luxembourg,2024,0.96
Madagascar,1949,
Madagascar,1950,
Madagascar,1951,
Madagascar,1952,
Madagascar,1953,
Madagascar,1954,
Madagascar,1955,
Madagascar,1956,
Madagascar,1957,
Madagascar,1958,
Madagascar,1959,
Madagascar,1960,
Madagascar,1961,1.5
Madagascar,1962,1.54
Madagascar,1963,1.46
Madagascar,1964,1.46
Madagascar,1965,1.59
Madagascar,1966,1.54
Madagascar,1967,1.55
Madagascar,1968,1.55
Madagascar,1969,1.51
Madagascar,1970,1.35
Madagascar,1971,1.32
Madagascar,1972,1.49
Madagascar,1973,1.52
Madagascar,1974,1.67
Madagascar,1975,1.64
Madagascar,1976,1.88
Madagascar,1977,2.31
Madagascar,1978,2.42
Madagascar,1979,2.93
Madagascar,1980,2.77
Madagascar,1981,2.98
Madagascar,1982,
Madagascar,1983,
Madagascar,1984,1.87
Madagascar,1985,1.78
Madagascar,1986,1.55
Madagascar,1987,1.43
Madagascar,1988,1.35
Madagascar,1989,1.21
Madagascar,1990,1.23
Madagascar,1991,1.3
Madagascar,1992,0.77
Madagascar,1993,1.12
Madagascar,1994,0.93
Madagascar,1995,0.86
Madagascar,1996,1.24
Madagascar,1997,1.48
Madagascar,1998,1.35
Madagascar,1999,1.21
Madagascar,2000,1.22
Madagascar,2001,1.44
Madagascar,2002,1.31
Madagascar,2003,1.32
Madagascar,2004,1.25
Madagascar,2005,1.07
Madagascar,2006,0.98
Madagascar,2007,0.96
Madagascar,2008,0.96
Madagascar,2009,0.74
Madagascar,2010,0.57
Madagascar,2011,0.62
Madagascar,2012,0.59
Madagascar,2013,0.58
Madagascar,2014,0.56
Madagascar,2015,0.52
Madagascar,2016,0.5
Madagascar,2017,0.51
Madagascar,2018,0.53
Madagascar,2019,0.55
Madagascar,2020,0.67
Madagascar,2021,0.68
Madagascar,2022,0.65
Madagascar,2023,0.65
Madagascar,2024,0.71
Malawi,1949,
Malawi,1950,
Malawi,1951,
Malawi,1952,
Malawi,1953,
Malawi,1954,
Malawi,1955,
Malawi,1956,
Malawi,1957,
Malawi,1958,
Malawi,1959,
Malawi,1960,
Malawi,1961,
Malawi,1962,
Malawi,1963,
Malawi,1964,
Malawi,1965,0.7
Malawi,1966,0.65
Malawi,1967,0.72
Malawi,1968,0.7
Malawi,1969,0.67
Malawi,1970,0.64
Malawi,1971,0.58
Malawi,1972,0.6
Malawi,1973,1.06
Malawi,1974,0.97
Malawi,1975,1.53
Malawi,1976,1.37
Malawi,1977,1.69
Malawi,1978,2.69
Malawi,1979,4.07
Malawi,1980,1.76
Malawi,1981,1.27
Malawi,1982,0.94
Malawi,1983,0.74
Malawi,1984,0.64
Malawi,1985,0.72
Malawi,1986,0.86
Malawi,1987,0.76
Malawi,1988,0.62
Malawi,1989,0.61
Malawi,1990,0.58
Malawi,1991,0.44
Malawi,1992,0.57
Malawi,1993,0.51
Malawi,1994,0.58
Malawi,1995,0.32
Malawi,1996,0.36
Malawi,1997,0.41
Malawi,1998,0.34
Malawi,1999,0.33
Malawi,2000,0.28
Malawi,2001,0.3
Malawi,2002,0.3
Malawi,2003,0.29
Malawi,2004,0.45
Malawi,2005,0.74
Malawi,2006,0.55
Malawi,2007,0.54
Malawi,2008,0.59
Malawi,2009,0.67
Malawi,2010,0.51
Malawi,2011,0.47
Malawi,2012,0.54
Malawi,2013,0.81
Malawi,2014,0.58
Malawi,2015,0.45
Malawi,2016,0.45
Malawi,2017,0.53
Malawi,2018,0.59
Malawi,2019,0.76
Malawi,2020,0.83
Malawi,2021,0.73
Malawi,2022,0.93
Malawi,2023,1.17
Malawi,2024,1.02
Malaysia,1949,
Malaysia,1950,
Malaysia,1951,
Malaysia,1952,
Malaysia,1953,
Malaysia,1954,
Malaysia,1955,3.85
Malaysia,1956,3.5
Malaysia,1957,3.75
Malaysia,1958,4.06
Malaysia,1959,3.08
Malaysia,1960,2.68
Malaysia,1961,2.23
Malaysia,1962,2.19
Malaysia,1963,2.42
Malaysia,1964,3.16
Malaysia,1965,4.01
Malaysia,1966,4.73
Malaysia,1967,4.5
Malaysia,1968,4.45
Malaysia,1969,3.92
Malaysia,1970,5.17
Malaysia,1971,5.37
Malaysia,1972,4.98
Malaysia,1973,3.87
Malaysia,1974,4.18
Malaysia,1975,4.72
Malaysia,1976,3.98
Malaysia,1977,4.85
Malaysia,1978,3.71
Malaysia,1979,3.67
Malaysia,1980,4.23
Malaysia,1981,5.79
Malaysia,1982,5.37
Malaysia,1983,4.42
Malaysia,1984,3.75
Malaysia,1985,3.45
Malaysia,1986,3.22
Malaysia,1987,4.15
Malaysia,1988,2.43
Malaysia,1989,2.62
Malaysia,1990,2.56
Malaysia,1991,3.2
Malaysia,1992,2.99
Malaysia,1993,2.88
Malaysia,1994,2.85
Malaysia,1995,2.75
Malaysia,1996,2.4
Malaysia,1997,2.09
Malaysia,1998,1.61
Malaysia,1999,2.1
Malaysia,2000,1.63
Malaysia,2001,2.08
Malaysia,2002,2.22
Malaysia,2003,2.61
Malaysia,2004,2.26
Malaysia,2005,2.17
Malaysia,2006,2.01
Malaysia,2007,1.96
Malaysia,2008,1.82
Malaysia,2009,1.87
Malaysia,2010,1.49
Malaysia,2011,1.55
Malaysia,2012,1.41
Malaysia,2013,1.5
Malaysia,2014,1.46
Malaysia,2015,1.5
Malaysia,2016,1.38
Malaysia,2017,1.1
Malaysia,2018,0.96
Malaysia,2019,0.89
Malaysia,2020,1.0
Malaysia,2021,0.98
Malaysia,2022,0.9
Malaysia,2023,0.98
Malaysia,2024,0.99
Mali,1949,
Mali,1950,
Mali,1951,
Mali,1952,
Mali,1953,
Mali,1954,
Mali,1955,
Mali,1956,
Mali,1957,
Mali,1958,
Mali,1959,
Mali,1960,
Mali,1961,2.7
Mali,1962,2.89
Mali,1963,2.65
Mali,1964,2.87
Mali,1965,2.52
Mali,1966,2.41
Mali,1967,2.4
Mali,1968,1.99
Mali,1969,2.18
Mali,1970,2.23
Mali,1971,1.92
Mali,1972,2.38
Mali,1973,2.66
Mali,1974,2.87
Mali,1975,3.17
Mali,1976,2.91
Mali,1977,3.13
Mali,1978,3.21
Mali,1979,2.97
Mali,1980,2.08
Mali,1981,1.96
Mali,1982,2.11
Mali,1983,1.98
Mali,1984,1.97
Mali,1985,2.14
Mali,1986,2.03
Mali,1987,2.12
Mali,1988,2.21
Mali,1989,2.11
Mali,1990,1.96
Mali,1991,
Mali,1992,
Mali,1993,1.56
Mali,1994,1.44
Mali,1995,1.5
Mali,1996,1.43
Mali,1997,1.5
Mali,1998,1.4
Mali,1999,1.49
Mali,2000,1.48
Mali,2001,1.3
Mali,2002,1.27
Mali,2003,1.42
Mali,2004,1.42
Mali,2005,1.38
Mali,2006,1.39
Mali,2007,1.36
Mali,2008,1.47
Mali,2009,1.42
Mali,2010,1.37
Mali,2011,1.24
Mali,2012,1.2
Mali,2013,1.16
Mali,2014,1.52
Mali,2015,2.36
Mali,2016,2.59
Mali,2017,3.03
Mali,2018,2.82
Mali,2019,2.75
Mali,2020,3.4
Mali,2021,3.38
Mali,2022,3.09
Mali,2023,3.77
Mali,2024,4.2
Malta,1949,
Malta,1950,
Malta,1951,
Malta,1952,
Malta,1953,
Malta,1954,
Malta,1955,
Malta,1956,
Malta,1957,
Malta,1958,
Malta,1959,
Malta,1960,
Malta,1961,
Malta,1962,
Malta,1963,
Malta,1964,
Malta,1965,
Malta,1966,
Malta,1967,
Malta,1968,
Malta,1969,
Malta,1970,
Malta,1971,
Malta,1972,
Malta,1973,
Malta,1974,
Malta,1975,
Malta,1976,
Malta,1977,
Malta,1978,
Malta,1979,
Malta,1980,
Malta,1981,
Malta,1982,
Malta,1983,
Malta,1984,
Malta,1985,1.28
Malta,1986,1.27
Malta,1987,1.46
Malta,1988,1.22
Malta,1989,1.11
Malta,1990,0.91
Malta,1991,0.87
Malta,1992,0.97
Malta,1993,1.0
Malta,1994,1.02
Malta,1995,0.84
Malta,1996,0.87
Malta,1997,0.82
Malta,1998,0.73
Malta,1999,0.68
Malta,2000,0.63
Malta,2001,0.67
Malta,2002,0.64
Malta,2003,0.63
Malta,2004,0.66
Malta,2005,0.82
Malta,2006,0.66
Malta,2007,0.62
Malta,2008,0.61
Malta,2009,0.68
Malta,2010,0.65
Malta,2011,0.57
Malta,2012,0.52
Malta,2013,0.5
Malta,2014,0.48
Malta,2015,0.46
Malta,2016,0.5
Malta,2017,0.46
Malta,2018,0.41
Malta,2019,0.49
Malta,2020,0.53
Malta,2021,0.45
Malta,2022,0.41
Malta,2023,0.5
Malta,2024,0.45
Mauritania,1949,
Mauritania,1950,
Mauritania,1951,
Mauritania,1952,
Mauritania,1953,
Mauritania,1954,
Mauritania,1955,
Mauritania,1956,
Mauritania,1957,
Mauritania,1958,
Mauritania,1959,
Mauritania,1960,
Mauritania,1961,
Mauritania,1962,
Mauritania,1963,
Mauritania,1964,
Mauritania,1965,
Mauritania,1966,
Mauritania,1967,
Mauritania,1968,
Mauritania,1969,
Mauritania,1970,
Mauritania,1971,
Mauritania,1972,
Mauritania,1973,
Mauritania,1974,
Mauritania,1975,
Mauritania,1976,
Mauritania,1977,
Mauritania,1978,
Mauritania,1979,
Mauritania,1980,
Mauritania,1981,
Mauritania,1982,
Mauritania,1983,
Mauritania,1984,
Mauritania,1985,5.95
Mauritania,1986,5.04
Mauritania,1987,4.67
Mauritania,1988,4.49
Mauritania,1989,3.96
Mauritania,1990,3.83
Mauritania,1991,3.6
Mauritania,1992,2.69
Mauritania,1993,2.41
Mauritania,1994,2.24
Mauritania,1995,2.26
Mauritania,1996,2.63
Mauritania,1997,2.97
Mauritania,1998,1.86
Mauritania,1999,2.27
Mauritania,2000,2.93
Mauritania,2001,4.0
Mauritania,2002,2.74
Mauritania,2003,4.0
Mauritania,2004,3.84
Mauritania,2005,3.05
Mauritania,2006,2.69
Mauritania,2007,
Mauritania,2008,3.06
Mauritania,2009,3.14
Mauritania,2010,
Mauritania,2011,
Mauritania,2012,2.11
Mauritania,2013,2.0
Mauritania,2014,2.2
Mauritania,2015,2.16
Mauritania,2016,2.15
Mauritania,2017,2.12
Mauritania,2018,2.13
Mauritania,2019,2.0
Mauritania,2020,2.39
Mauritania,2021,2.29
Mauritania,2022,2.06
Mauritania,2023,2.26
Mauritania,2024,2.16
Mauritius,1949,
Mauritius,1950,
Mauritius,1951,
Mauritius,1952,
Mauritius,1953,
Mauritius,1954,
Mauritius,1955,
Mauritius,1956,
Mauritius,1957,
Mauritius,1958,
Mauritius,1959,
Mauritius,1960,
Mauritius,1961,
Mauritius,1962,
Mauritius,1963,0.14
Mauritius,1964,0.17
Mauritius,1965,0.16
Mauritius,1966,0.17
Mauritius,1967,0.16
Mauritius,1968,0.16
Mauritius,1969,0.18
Mauritius,1970,0.22
Mauritius,1971,0.22
Mauritius,1972,0.2
Mauritius,1973,0.19
Mauritius,1974,0.14
Mauritius,1975,0.19
Mauritius,1976,0.19
Mauritius,1977,0.17
Mauritius,1978,0.17
Mauritius,1979,0.2
Mauritius,1980,0.49
Mauritius,1981,0.47
Mauritius,1982,0.26
Mauritius,1983,0.27
Mauritius,1984,0.25
Mauritius,1985,0.22
Mauritius,1986,0.2
Mauritius,1987,0.19
Mauritius,1988,0.22
Mauritius,1989,0.29
Mauritius,1990,0.35
Mauritius,1991,0.37
Mauritius,1992,0.35
Mauritius,1993,0.33
Mauritius,1994,0.33
Mauritius,1995,0.33
Mauritius,1996,0.29
Mauritius,1997,0.23
Mauritius,1998,0.2
Mauritius,1999,0.21
Mauritius,2000,0.2
Mauritius,2001,0.19
Mauritius,2002,0.2
Mauritius,2003,0.19
Mauritius,2004,0.17
Mauritius,2005,0.16
Mauritius,2006,0.15
Mauritius,2007,0.14
Mauritius,2008,0.16
Mauritius,2009,0.17
Mauritius,2010,0.15
Mauritius,2011,0.15
Mauritius,2012,0.14
Mauritius,2013,0.19
Mauritius,2014,0.15
Mauritius,2015,0.14
Mauritius,2016,0.17
Mauritius,2017,0.17
Mauritius,2018,0.16
Mauritius,2019,0.15
Mauritius,2020,0.16
Mauritius,2021,0.17
Mauritius,2022,0.14
Mauritius,2023,0.14
Mauritius,2024,0.15
Mexico,1949,0.88
Mexico,1950,0.86
Mexico,1951,0.76
Mexico,1952,0.72
Mexico,1953,0.81
Mexico,1954,0.88
Mexico,1955,0.79
Mexico,1956,0.74
Mexico,1957,0.73
Mexico,1958,0.69
Mexico,1959,0.64
Mexico,1960,0.67
Mexico,1961,0.65
Mexico,1962,0.69
Mexico,1963,0.72
Mexico,1964,0.68
Mexico,1965,0.59
Mexico,1966,0.58
Mexico,1967,0.55
Mexico,1968,0.55
Mexico,1969,0.6
Mexico,1970,0.5
Mexico,1971,0.49
Mexico,1972,0.54
Mexico,1973,0.54
Mexico,1974,0.57
Mexico,1975,0.57
Mexico,1976,0.6
Mexico,1977,0.53
Mexico,1978,0.5
Mexico,1979,0.51
Mexico,1980,0.42
Mexico,1981,0.51
Mexico,1982,0.5
Mexico,1983,0.52
Mexico,1984,0.66
Mexico,1985,0.68
Mexico,1986,0.63
Mexico,1987,0.58
Mexico,1988,0.54
Mexico,1989,0.52
Mexico,1990,0.43
Mexico,1991,0.44
Mexico,1992,0.47
Mexico,1993,0.4
Mexico,1994,0.48
Mexico,1995,0.41
Mexico,1996,0.44
Mexico,1997,0.42
Mexico,1998,0.41
Mexico,1999,0.42
Mexico,2000,0.41
Mexico,2001,0.41
Mexico,2002,0.39
Mexico,2003,0.39
Mexico,2004,0.35
Mexico,2005,0.34
Mexico,2006,0.3
Mexico,2007,0.38
Mexico,2008,0.37
Mexico,2009,0.48
Mexico,2010,0.43
Mexico,2011,0.45
Mexico,2012,0.46
Mexico,2013,0.49
Mexico,2014,0.5
Mexico,2015,0.45
Mexico,2016,0.48
Mexico,2017,0.42
Mexico,2018,0.46
Mexico,2019,0.51
Mexico,2020,0.72
Mexico,2021,0.66
Mexico,2022,0.69
Mexico,2023,0.66
Mexico,2024,0.89
Moldova,1949,
Moldova,1950,
Moldova,1951,
Moldova,1952,
Moldova,1953,
Moldova,1954,
Moldova,1955,
Moldova,1956,
Moldova,1957,
Moldova,1958,
Moldova,1959,
Moldova,1960,
Moldova,1961,
Moldova,1962,
Moldova,1963,
Moldova,1964,
Moldova,1965,
Moldova,1966,
Moldova,1967,
Moldova,1968,
Moldova,1969,
Moldova,1970,
Moldova,1971,
Moldova,1972,
Moldova,1973,
Moldova,1974,
Moldova,1975,
Moldova,1976,
Moldova,1977,
Moldova,1978,
Moldova,1979,
Moldova,1980,
Moldova,1981,
Moldova,1982,
Moldova,1983,
Moldova,1984,
Moldova,1985,
Moldova,1986,
Moldova,1987,
Moldova,1988,
Moldova,1989,
Moldova,1990,
Moldova,1991,
Moldova,1992,
Moldova,1993,0.53
Moldova,1994,0.77
Moldova,1995,0.93
Moldova,1996,0.91
Moldova,1997,0.9
Moldova,1998,0.62
Moldova,1999,0.51
Moldova,2000,0.4
Moldova,2001,0.4
Moldova,2002,0.42
Moldova,2003,0.42
Moldova,2004,0.36
Moldova,2005,0.4
Moldova,2006,0.48
Moldova,2007,0.52
Moldova,2008,0.61
Moldova,2009,0.46
Moldova,2010,0.26
Moldova,2011,0.27
Moldova,2012,0.27
Moldova,2013,0.28
Moldova,2014,0.29
Moldova,2015,0.3
Moldova,2016,0.34
Moldova,2017,0.32
Moldova,2018,0.33
Moldova,2019,0.36
Moldova,2020,0.39
Moldova,2021,0.37
Moldova,2022,0.36
Moldova,2023,0.57
Moldova,2024,0.6
Mongolia,1949,
Mongolia,1950,
Mongolia,1951,
Mongolia,1952,
Mongolia,1953,
Mongolia,1954,
Mongolia,1955,
Mongolia,1956,
Mongolia,1957,
Mongolia,1958,
Mongolia,1959,
Mongolia,1960,
Mongolia,1961,
Mongolia,1962,
Mongolia,1963,
Mongolia,1964,
Mongolia,1965,
Mongolia,1966,
Mongolia,1967,
Mongolia,1968,
Mongolia,1969,
Mongolia,1970,
Mongolia,1971,
Mongolia,1972,
Mongolia,1973,
Mongolia,1974,
Mongolia,1975,
Mongolia,1976,
Mongolia,1977,
Mongolia,1978,
Mongolia,1979,
Mongolia,1980,
Mongolia,1981,
Mongolia,1982,
Mongolia,1983,
Mongolia,1984,
Mongolia,1985,
Mongolia,1986,
Mongolia,1987,5.83
Mongolia,1988,6.34
Mongolia,1989,6.25
Mongolia,1990,4.28
Mongolia,1991,3.23
Mongolia,1992,1.91
Mongolia,1993,1.71
Mongolia,1994,1.65
Mongolia,1995,1.62
Mongolia,1996,1.78
Mongolia,1997,1.64
Mongolia,1998,1.91
Mongolia,1999,1.84
Mongolia,2000,2.02
Mongolia,2001,1.78
Mongolia,2002,1.8
Mongolia,2003,1.51
Mongolia,2004,1.38
Mongolia,2005,1.02
Mongolia,2006,0.96
Mongolia,2007,1.05
Mongolia,2008,0.82
Mongolia,2009,0.63
Mongolia,2010,0.76
Mongolia,2011,0.84
Mongolia,2012,0.92
Mongolia,2013,0.82
Mongolia,2014,0.86
Mongolia,2015,0.88
Mongolia,2016,0.86
Mongolia,2017,0.76
Mongolia,2018,0.67
Mongolia,2019,0.66
Mongolia,2020,0.71
Mongolia,2021,0.62
Mongolia,2022,0.51
Mongolia,2023,0.54
Mongolia,2024,0.74
Montenegro,1949,
Montenegro,1950,
Montenegro,1951,
Montenegro,1952,
Montenegro,1953,
Montenegro,1954,
Montenegro,1955,
Montenegro,1956,
Montenegro,1957,
Montenegro,1958,
Montenegro,1959,
Montenegro,1960,
Montenegro,1961,
Montenegro,1962,
Montenegro,1963,
Montenegro,1964,
Montenegro,1965,
Montenegro,1966,
Montenegro,1967,
Montenegro,1968,
Montenegro,1969,
Montenegro,1970,
Montenegro,1971,
Montenegro,1972,
Montenegro,1973,
Montenegro,1974,
Montenegro,1975,
Montenegro,1976,
Montenegro,1977,
Montenegro,1978,
Montenegro,1979,
Montenegro,1980,
Montenegro,1981,
Montenegro,1982,
Montenegro,1983,
Montenegro,1984,
Montenegro,1985,
Montenegro,1986,
Montenegro,1987,
Montenegro,1988,
Montenegro,1989,
Montenegro,1990,
Montenegro,1991,
Montenegro,1992,
Montenegro,1993,
Montenegro,1994,
Montenegro,1995,
Montenegro,1996,
Montenegro,1997,
Montenegro,1998,
Montenegro,1999,
Montenegro,2000,
Montenegro,2001,
Montenegro,2002,
Montenegro,2003,
Montenegro,2004,
Montenegro,2005,2.69
Montenegro,2006,2.29
Montenegro,2007,1.74
Montenegro,2008,1.87
Montenegro,2009,1.84
Montenegro,2010,1.81
Montenegro,2011,1.75
Montenegro,2012,1.66
Montenegro,2013,1.45
Montenegro,2014,1.47
Montenegro,2015,1.4
Montenegro,2016,1.41
Montenegro,2017,1.36
Montenegro,2018,1.37
Montenegro,2019,1.33
Montenegro,2020,1.74
Montenegro,2021,1.56
Montenegro,2022,1.57
Montenegro,2023,1.52
Montenegro,2024,1.83
Morocco,1949,
Morocco,1950,
Morocco,1951,
Morocco,1952,
Morocco,1953,
Morocco,1954,
Morocco,1955,
Morocco,1956,1.18
Morocco,1957,1.76
Morocco,1958,2.14
Morocco,1959,2.47
Morocco,1960,2.32
Morocco,1961,2.7
Morocco,1962,2.57
Morocco,1963,3.2
Morocco,1964,2.84
Morocco,1965,2.43
Morocco,1966,2.68
Morocco,1967,2.62
Morocco,1968,3.0
Morocco,1969,2.39
Morocco,1970,2.32
Morocco,1971,2.63
Morocco,1972,2.84
Morocco,1973,3.06
Morocco,1974,3.15
Morocco,1975,4.6
Morocco,1976,6.22
Morocco,1977,6.62
Morocco,1978,5.84
Morocco,1979,5.63
Morocco,1980,5.94
Morocco,1981,6.38
Morocco,1982,6.22
Morocco,1983,4.51
Morocco,1984,4.02
Morocco,1985,5.39
Morocco,1986,4.3
Morocco,1987,4.37
Morocco,1988,4.13
Morocco,1989,4.39
Morocco,1990,4.15
Morocco,1991,4.14
Morocco,1992,4.3
Morocco,1993,4.66
Morocco,1994,4.49
Morocco,1995,4.35
Morocco,1996,3.95
Morocco,1997,4.19
Morocco,1998,3.46
Morocco,1999,2.42
Morocco,2000,2.69
Morocco,2001,3.73
Morocco,2002,3.49
Morocco,2003,3.49
Morocco,2004,3.25
Morocco,2005,3.26
Morocco,2006,3.11
Morocco,2007,3.05
Morocco,2008,3.18
Morocco,2009,3.29
Morocco,2010,3.39
Morocco,2011,3.3
Morocco,2012,3.46
Morocco,2013,3.81
Morocco,2014,3.4
Morocco,2015,2.96
Morocco,2016,2.98
Morocco,2017,2.95
Morocco,2018,2.9
Morocco,2019,2.87
Morocco,2020,3.98
Morocco,2021,3.75
Morocco,2022,3.81
Morocco,2023,3.59
Morocco,2024,3.52
Mozambique,1949,
Mozambique,1950,
Mozambique,1951,
Mozambique,1952,
Mozambique,1953,
Mozambique,1954,
Mozambique,1955,
Mozambique,1956,
Mozambique,1957,
Mozambique,1958,
Mozambique,1959,
Mozambique,1960,
Mozambique,1961,
Mozambique,1962,
Mozambique,1963,
Mozambique,1964,
Mozambique,1965,
Mozambique,1966,
Mozambique,1967,
Mozambique,1968,
Mozambique,1969,
Mozambique,1970,
Mozambique,1971,
Mozambique,1972,
Mozambique,1973,
Mozambique,1974,
Mozambique,1975,
Mozambique,1976,
Mozambique,1977,
Mozambique,1978,
Mozambique,1979,
Mozambique,1980,1.86
Mozambique,1981,2.79
Mozambique,1982,2.82
Mozambique,1983,3.54
Mozambique,1984,4.0
Mozambique,1985,3.28
Mozambique,1986,3.21
Mozambique,1987,3.51
Mozambique,1988,3.01
Mozambique,1989,3.37
Mozambique,1990,2.39
Mozambique,1991,1.86
Mozambique,1992,2.13
Mozambique,1993,2.06
Mozambique,1994,2.46
Mozambique,1995,1.09
Mozambique,1996,0.89
Mozambique,1997,0.86
Mozambique,1998,0.89
Mozambique,1999,0.9
Mozambique,2000,0.93
Mozambique,2001,0.9
Mozambique,2002,0.9
Mozambique,2003,0.91
Mozambique,2004,0.98
Mozambique,2005,0.7
Mozambique,2006,0.6
Mozambique,2007,0.63
Mozambique,2008,0.65
Mozambique,2009,0.69
Mozambique,2010,0.87
Mozambique,2011,0.81
Mozambique,2012,0.83
Mozambique,2013,0.92
Mozambique,2014,0.97
Mozambique,2015,0.83
Mozambique,2016,0.92
Mozambique,2017,0.98
Mozambique,2018,1.31
Mozambique,2019,1.39
Mozambique,2020,2.02
Mozambique,2021,1.91
Mozambique,2022,2.21
Mozambique,2023,1.93
Mozambique,2024,1.99
Myanmar,1949,
Myanmar,1950,
Myanmar,1951,
Myanmar,1952,
Myanmar,1953,
Myanmar,1954,
Myanmar,1955,
Myanmar,1956,
Myanmar,1957,
Myanmar,1958,
Myanmar,1959,
Myanmar,1960,
Myanmar,1961,6.12
Myanmar,1962,5.69
Myanmar,1963,6.85
Myanmar,1964,6.02
Myanmar,1965,6.7
Myanmar,1966,6.13
Myanmar,1967,5.2
Myanmar,1968,5.02
Myanmar,1969,5.31
Myanmar,1970,5.6
Myanmar,1971,5.65
Myanmar,1972,5.45
Myanmar,1973,5.11
Myanmar,1974,4.02
Myanmar,1975,3.77
Myanmar,1976,3.79
Myanmar,1977,4.04
Myanmar,1978,3.92
Myanmar,1979,3.56
Myanmar,1980,3.42
Myanmar,1981,3.46
Myanmar,1982,3.22
Myanmar,1983,3.07
Myanmar,1984,2.92
Myanmar,1985,2.98
Myanmar,1986,2.88
Myanmar,1987,1.97
Myanmar,1988,2.14
Myanmar,1989,2.96
Myanmar,1990,3.4
Myanmar,1991,3.17
Myanmar,1992,3.35
Myanmar,1993,3.52
Myanmar,1994,3.54
Myanmar,1995,3.68
Myanmar,1996,3.49
Myanmar,1997,2.31
Myanmar,1998,2.54
Myanmar,1999,2.14
Myanmar,2000,2.31
Myanmar,2001,1.95
Myanmar,2002,1.48
Myanmar,2003,2.07
Myanmar,2004,1.92
Myanmar,2005,1.67
Myanmar,2006,
Myanmar,2007,
Myanmar,2008,
Myanmar,2009,
Myanmar,2010,
Myanmar,2011,
Myanmar,2012,4.12
Myanmar,2013,4.12
Myanmar,2014,3.79
Myanmar,2015,4.3
Myanmar,2016,4.09
Myanmar,2017,3.64
Myanmar,2018,2.36
Myanmar,2019,2.19
Myanmar,2020,3.12
Myanmar,2021,4.07
Myanmar,2022,4.17
Myanmar,2023,3.75
Myanmar,2024,6.79
Namibia,1949,
Namibia,1950,
Namibia,1951,
Namibia,1952,
Namibia,1953,
Namibia,1954,
Namibia,1955,
Namibia,1956,
Namibia,1957,
Namibia,1958,
Namibia,1959,
Namibia,1960,
Namibia,1961,
Namibia,1962,
Namibia,1963,
Namibia,1964,
Namibia,1965,
Namibia,1966,
Namibia,1967,
Namibia,1968,
Namibia,1969,
Namibia,1970,
Namibia,1971,
Namibia,1972,
Namibia,1973,
Namibia,1974,
Namibia,1975,
Namibia,1976,
Namibia,1977,
Namibia,1978,
Namibia,1979,
Namibia,1980,
Namibia,1981,
Namibia,1982,
Namibia,1983,
Namibia,1984,
Namibia,1985,
Namibia,1986,
Namibia,1987,
Namibia,1988,
Namibia,1989,
Namibia,1990,6.42
Namibia,1991,5.62
Namibia,1992,4.25
Namibia,1993,2.46
Namibia,1994,1.75
Namibia,1995,1.95
Namibia,1996,1.9
Namibia,1997,2.3
Namibia,1998,2.32
Namibia,1999,3.12
Namibia,2000,2.71
Namibia,2001,3.01
Namibia,2002,2.62
Namibia,2003,2.62
Namibia,2004,2.53
Namibia,2005,2.65
Namibia,2006,2.5
Namibia,2007,2.61
Namibia,2008,3.14
Namibia,2009,3.37
Namibia,2010,3.51
Namibia,2011,3.57
Namibia,2012,3.17
Namibia,2013,3.21
Namibia,2014,4.33
Namibia,2015,4.53
Namibia,2016,3.97
Namibia,2017,3.52
Namibia,2018,3.33
Namibia,2019,3.3
Namibia,2020,3.48
Namibia,2021,3.23
Namibia,2022,2.91
Namibia,2023,2.75
Namibia,2024,2.73
Nepal,1949,
Nepal,1950,
Nepal,1951,
Nepal,1952,
Nepal,1953,
Nepal,1954,
Nepal,1955,
Nepal,1956,
Nepal,1957,
Nepal,1958,
Nepal,1959,
Nepal,1960,
Nepal,1961,
Nepal,1962,
Nepal,1963,
Nepal,1964,
Nepal,1965,
Nepal,1966,
Nepal,1967,
Nepal,1968,
Nepal,1969,
Nepal,1970,0.59
Nepal,1971,0.62
Nepal,1972,0.65
Nepal,1973,0.66
Nepal,1974,0.61
Nepal,1975,0.68
Nepal,1976,0.86
Nepal,1977,0.89
Nepal,1978,0.86
Nepal,1979,0.91
Nepal,1980,1.03
Nepal,1981,0.99
Nepal,1982,1.09
Nepal,1983,1.25
Nepal,1984,1.22
Nepal,1985,1.2
Nepal,1986,1.18
Nepal,1987,1.16
Nepal,1988,0.88
Nepal,1989,0.9
Nepal,1990,0.88
Nepal,1991,0.87
Nepal,1992,0.86
Nepal,1993,0.84
Nepal,1994,0.79
Nepal,1995,0.77
Nepal,1996,0.73
Nepal,1997,0.72
Nepal,1998,0.76
Nepal,1999,0.77
Nepal,2000,0.78
Nepal,2001,0.96
Nepal,2002,1.27
Nepal,2003,1.39
Nepal,2004,1.57
Nepal,2005,1.69
Nepal,2006,1.53
Nepal,2007,1.35
Nepal,2008,1.4
Nepal,2009,1.44
Nepal,2010,1.37
Nepal,2011,1.35
Nepal,2012,1.24
Nepal,2013,1.34
Nepal,2014,1.43
Nepal,2015,1.37
Nepal,2016,1.47
Nepal,2017,1.48
Nepal,2018,1.35
Nepal,2019,1.24
Nepal,2020,1.32
Nepal,2021,1.22
Nepal,2022,1.16
Nepal,2023,1.07
Nepal,2024,0.98
Netherlands,1949,
Netherlands,1950,
Netherlands,1951,
Netherlands,1952,
Netherlands,1953,
Netherlands,1954,
Netherlands,1955,
Netherlands,1956,5.79
Netherlands,1957,5.32
Netherlands,1958,4.72
Netherlands,1959,4.02
Netherlands,1960,3.7
Netherlands,1961,4.09
Netherlands,1962,4.12
Netherlands,1963,4.01
Netherlands,1964,3.93
Netherlands,1965,3.57
Netherlands,1966,3.37
Netherlands,1967,3.52
Netherlands,1968,3.26
Netherlands,1969,3.23
Netherlands,1970,2.87
Netherlands,1971,2.84
Netherlands,1972,2.82
Netherlands,1973,2.7
Netherlands,1974,2.65
Netherlands,1975,2.84
Netherlands,1976,2.69
Netherlands,1977,2.95
Netherlands,1978,2.75
Netherlands,1979,2.84
Netherlands,1980,2.78
Netherlands,1981,2.86
Netherlands,1982,3.14
Netherlands,1983,2.85
Netherlands,1984,2.86
Netherlands,1985,2.77
Netherlands,1986,2.73
Netherlands,1987,2.71
Netherlands,1988,2.61
Netherlands,1989,2.52
Netherlands,1990,2.37
Netherlands,1991,2.25
Netherlands,1992,2.21
Netherlands,1993,2.03
Netherlands,1994,1.91
Netherlands,1995,1.77
Netherlands,1996,1.73
Netherlands,1997,1.64
Netherlands,1998,1.56
Netherlands,1999,1.57
Netherlands,2000,1.43
Netherlands,2001,1.43
Netherlands,2002,1.42
Netherlands,2003,1.44
Netherlands,2004,1.42
Netherlands,2005,1.39
Netherlands,2006,1.39
Netherlands,2007,1.35
Netherlands,2008,1.3
Netherlands,2009,1.39
Netherlands,2010,1.32
Netherlands,2011,1.28
Netherlands,2012,1.23
Netherlands,2013,1.16
Netherlands,2014,1.15
Netherlands,2015,1.12
Netherlands,2016,1.14
Netherlands,2017,1.14
Netherlands,2018,1.2
Netherlands,2019,1.29
Netherlands,2020,1.41
Netherlands,2021,1.37
Netherlands,2022,1.3
Netherlands,2023,1.44
Netherlands,2024,1.92
New Zealand,1949,
New Zealand,1950,
New Zealand,1951,
New Zealand,1952,
New Zealand,1953,
New Zealand,1954,
New Zealand,1955,
New Zealand,1956,3.11
New Zealand,1957,2.86
New Zealand,1958,2.83
New Zealand,1959,2.82
New Zealand,1960,2.69
New Zealand,1961,2.49
New Zealand,1962,2.31
New Zealand,1963,2.2
New Zealand,1964,2.47
New Zealand,1965,2.36
New Zealand,1966,2.64
New Zealand,1967,2.62
New Zealand,1968,2.73
New Zealand,1969,2.57
New Zealand,1970,2.63
New Zealand,1971,2.32
New Zealand,1972,2.18
New Zealand,1973,1.97
New Zealand,1974,2.07
New Zealand,1975,2.08
New Zealand,1976,1.94
New Zealand,1977,2.12
New Zealand,1978,2.21
New Zealand,1979,2.16
New Zealand,1980,3.02
New Zealand,1981,2.73
New Zealand,1982,2.58
New Zealand,1983,2.44
New Zealand,1984,2.38
New Zealand,1985,2.36
New Zealand,1986,2.37
New Zealand,1987,2.41
New Zealand,1988,2.12
New Zealand,1989,2.18
New Zealand,1990,2.31
New Zealand,1991,2.28
New Zealand,1992,2.1
New Zealand,1993,1.94
New Zealand,1994,1.85
New Zealand,1995,1.84
New Zealand,1996,1.79
New Zealand,1997,1.72
New Zealand,1998,1.71
New Zealand,1999,1.65
New Zealand,2000,1.6
New Zealand,2001,1.5
New Zealand,2002,1.4
New Zealand,2003,1.33
New Zealand,2004,1.18
New Zealand,2005,1.14
New Zealand,2006,1.24
New Zealand,2007,1.18
New Zealand,2008,1.15
New Zealand,2009,1.22
New Zealand,2010,1.21
New Zealand,2011,1.16
New Zealand,2012,1.12
New Zealand,2013,1.04
New Zealand,2014,1.0
New Zealand,2015,0.99
New Zealand,2016,1.04
New Zealand,2017,1.05
New Zealand,2018,1.11
New Zealand,2019,1.29
New Zealand,2020,1.34
New Zealand,2021,1.16
New Zealand,2022,1.17
New Zealand,2023,1.22
New Zealand,2024,1.19
Nicaragua,1949,
Nicaragua,1950,
Nicaragua,1951,
Nicaragua,1952,
Nicaragua,1953,
Nicaragua,1954,
Nicaragua,1955,
Nicaragua,1956,
Nicaragua,1957,
Nicaragua,1958,
Nicaragua,1959,
Nicaragua,1960,
Nicaragua,1961,
Nicaragua,1962,
Nicaragua,1963,
Nicaragua,1964,
Nicaragua,1965,
Nicaragua,1966,
Nicaragua,1967,
Nicaragua,1968,1.46
Nicaragua,1969,1.38
Nicaragua,1970,1.58
Nicaragua,1971,1.51
Nicaragua,1972,1.87
Nicaragua,1973,1.42
Nicaragua,1974,1.45
Nicaragua,1975,1.75
Nicaragua,1976,2.07
Nicaragua,1977,2.47
Nicaragua,1978,3.22
Nicaragua,1979,3.1
Nicaragua,1980,3.35
Nicaragua,1981,4.34
Nicaragua,1982,
Nicaragua,1983,
Nicaragua,1984,
Nicaragua,1985,
Nicaragua,1986,
Nicaragua,1987,
Nicaragua,1988,
Nicaragua,1989,
Nicaragua,1990,
Nicaragua,1991,4.0
Nicaragua,1992,2.63
Nicaragua,1993,2.1
Nicaragua,1994,1.19
Nicaragua,1995,1.1
Nicaragua,1996,0.95
Nicaragua,1997,0.89
Nicaragua,1998,0.74
Nicaragua,1999,0.72
Nicaragua,2000,0.78
Nicaragua,2001,0.68
Nicaragua,2002,0.87
Nicaragua,2003,0.86
Nicaragua,2004,0.73
Nicaragua,2005,0.7
Nicaragua,2006,0.55
Nicaragua,2007,0.53
Nicaragua,2008,0.5
Nicaragua,2009,0.5
Nicaragua,2010,0.51
Nicaragua,2011,0.53
Nicaragua,2012,0.67
Nicaragua,2013,0.68
Nicaragua,2014,0.69
Nicaragua,2015,0.78
Nicaragua,2016,0.64
Nicaragua,2017,0.63
Nicaragua,2018,0.63
Nicaragua,2019,0.61
Nicaragua,2020,0.63
Nicaragua,2021,0.55
Nicaragua,2022,0.54
Nicaragua,2023,0.55
Nicaragua,2024,0.55
Niger,1949,
Niger,1950,
Niger,1951,
Niger,1952,
Niger,1953,
Niger,1954,
Niger,1955,
Niger,1956,
Niger,1957,
Niger,1958,
Niger,1959,
Niger,1960,
Niger,1961,
Niger,1962,
Niger,1963,
Niger,1964,
Niger,1965,
Niger,1966,
Niger,1967,
Niger,1968,
Niger,1969,
Niger,1970,
Niger,1971,
Niger,1972,
Niger,1973,
Niger,1974,
Niger,1975,0.87
Niger,1976,0.82
Niger,1977,0.94
Niger,1978,0.93
Niger,1979,0.84
Niger,1980,0.67
Niger,1981,0.63
Niger,1982,0.63
Niger,1983,0.69
Niger,1984,0.73
Niger,1985,0.74
Niger,1986,0.77
Niger,1987,0.64
Niger,1988,
Niger,1989,
Niger,1990,
Niger,1991,
Niger,1992,
Niger,1993,
Niger,1994,1.23
Niger,1995,0.97
Niger,1996,0.86
Niger,1997,0.93
Niger,1998,1.06
Niger,1999,1.17
Niger,2000,1.16
Niger,2001,1.32
Niger,2002,0.96
Niger,2003,0.93
Niger,2004,1.09
Niger,2005,0.72
Niger,2006,
Niger,2007,
Niger,2008,0.74
Niger,2009,0.74
Niger,2010,0.88
Niger,2011,0.98
Niger,2012,1.62
Niger,2013,1.05
Niger,2014,1.34
Niger,2015,
Niger,2016,1.6
Niger,2017,1.81
Niger,2018,1.79
Niger,2019,1.92
Niger,2020,1.73
Niger,2021,1.36
Niger,2022,1.57
Niger,2023,1.98
Niger,2024,2.24
Nigeria,1949,
Nigeria,1950,
Nigeria,1951,
Nigeria,1952,
Nigeria,1953,
Nigeria,1954,
Nigeria,1955,
Nigeria,1956,
Nigeria,1957,
Nigeria,1958,
Nigeria,1959,
Nigeria,1960,0.7
Nigeria,1961,0.85
Nigeria,1962,1.1
Nigeria,1963,1.1
Nigeria,1964,1.23
Nigeria,1965,1.4
Nigeria,1966,1.1
Nigeria,1967,5.81
Nigeria,1968,9.16
Nigeria,1969,10.32
Nigeria,1970,5.28
Nigeria,1971,4.39
Nigeria,1972,5.39
Nigeria,1973,5.48
Nigeria,1974,4.34
Nigeria,1975,8.12
Nigeria,1976,5.79
Nigeria,1977,6.02
Nigeria,1978,5.33
Nigeria,1979,4.32
Nigeria,1980,3.3
Nigeria,1981,2.77
Nigeria,1982,2.27
Nigeria,1983,2.22
Nigeria,1984,1.56
Nigeria,1985,1.44
Nigeria,1986,1.31
Nigeria,1987,0.77
Nigeria,1988,0.88
Nigeria,1989,0.58
Nigeria,1990,0.83
Nigeria,1991,0.77
Nigeria,1992,0.56
Nigeria,1993,0.93
Nigeria,1994,0.78
Nigeria,1995,0.48
Nigeria,1996,0.41
Nigeria,1997,0.44
Nigeria,1998,0.55
Nigeria,1999,0.86
Nigeria,2000,0.54
Nigeria,2001,0.78
Nigeria,2002,0.95
Nigeria,2003,0.57
Nigeria,2004,0.49
Nigeria,2005,0.4
Nigeria,2006,0.35
Nigeria,2007,0.37
Nigeria,2008,0.49
Nigeria,2009,0.51
Nigeria,2010,0.54
Nigeria,2011,0.58
Nigeria,2012,0.5
Nigeria,2013,0.47
Nigeria,2014,0.41
Nigeria,2015,0.42
Nigeria,2016,0.43
Nigeria,2017,0.43
Nigeria,2018,0.51
Nigeria,2019,0.46
Nigeria,2020,0.63
Nigeria,2021,1.01
Nigeria,2022,0.65
Nigeria,2023,0.84
Nigeria,2024,0.56
North Korea,1949,
North Korea,1950,
North Korea,1951,
North Korea,1952,
North Korea,1953,
North Korea,1954,
North Korea,1955,
North Korea,1956,
North Korea,1957,
North Korea,1958,
North Korea,1959,
North Korea,1960,
North Korea,1961,
North Korea,1962,
North Korea,1963,
North Korea,1964,
North Korea,1965,
North Korea,1966,
North Korea,1967,
North Korea,1968,
North Korea,1969,
North Korea,1970,
North Korea,1971,
North Korea,1972,
North Korea,1973,
North Korea,1974,
North Korea,1975,
North Korea,1976,
North Korea,1977,
North Korea,1978,
North Korea,1979,
North Korea,1980,
North Korea,1981,
North Korea,1982,
North Korea,1983,
North Korea,1984,
North Korea,1985,
North Korea,1986,
North Korea,1987,
North Korea,1988,
North Korea,1989,
North Korea,1990,
North Korea,1991,
North Korea,1992,
North Korea,1993,
North Korea,1994,
North Korea,1995,
North Korea,1996,
North Korea,1997,
North Korea,1998,
North Korea,1999,
North Korea,2000,
North Korea,2001,
North Korea,2002,
North Korea,2003,
North Korea,2004,
North Korea,2005,
North Korea,2006,
North Korea,2007,
North Korea,2008,
North Korea,2009,
North Korea,2010,
North Korea,2011,
North Korea,2012,
North Korea,2013,
North Korea,2014,
North Korea,2015,
North Korea,2016,
North Korea,2017,
North Korea,2018,
North Korea,2019,
North Korea,2020,
North Korea,2021,
North Korea,2022,
North Korea,2023,
North Korea,2024,
North Macedonia,1949,
North Macedonia,1950,
North Macedonia,1951,
North Macedonia,1952,
North Macedonia,1953,
North Macedonia,1954,
North Macedonia,1955,
North Macedonia,1956,
North Macedonia,1957,
North Macedonia,1958,
North Macedonia,1959,
North Macedonia,1960,
North Macedonia,1961,
North Macedonia,1962,
North Macedonia,1963,
North Macedonia,1964,
North Macedonia,1965,
North Macedonia,1966,
North Macedonia,1967,
North Macedonia,1968,
North Macedonia,1969,
North Macedonia,1970,
North Macedonia,1971,
North Macedonia,1972,
North Macedonia,1973,
North Macedonia,1974,
North Macedonia,1975,
North Macedonia,1976,
North Macedonia,1977,
North Macedonia,1978,
North Macedonia,1979,
North Macedonia,1980,
North Macedonia,1981,
North Macedonia,1982,
North Macedonia,1983,
North Macedonia,1984,
North Macedonia,1985,
North Macedonia,1986,
North Macedonia,1987,
North Macedonia,1988,
North Macedonia,1989,
North Macedonia,1990,
North Macedonia,1991,
North Macedonia,1992,
North Macedonia,1993,
North Macedonia,1994,
North Macedonia,1995,
North Macedonia,1996,2.81
North Macedonia,1997,2.13
North Macedonia,1998,2.1
North Macedonia,1999,1.71
North Macedonia,2000,1.85
North Macedonia,2001,6.1
North Macedonia,2002,2.65
North Macedonia,2003,2.34
North Macedonia,2004,2.38
North Macedonia,2005,2.03
North Macedonia,2006,1.84
North Macedonia,2007,1.95
North Macedonia,2008,1.74
North Macedonia,2009,1.69
North Macedonia,2010,1.38
North Macedonia,2011,1.26
North Macedonia,2012,1.23
North Macedonia,2013,1.17
North Macedonia,2014,1.09
North Macedonia,2015,0.99
North Macedonia,2016,0.97
North Macedonia,2017,0.9
North Macedonia,2018,0.94
North Macedonia,2019,1.16
North Macedonia,2020,1.24
North Macedonia,2021,1.45
North Macedonia,2022,1.58
North Macedonia,2023,1.69
North Macedonia,2024,2.1
Norway,1949,2.71
Norway,1950,2.37
Norway,1951,3.05
Norway,1952,4.01
Norway,1953,5.08
Norway,1954,5.0
Norway,1955,3.93
Norway,1956,3.52
Norway,1957,3.59
Norway,1958,3.51
Norway,1959,3.58
Norway,1960,3.2
Norway,1961,3.0
Norway,1962,3.24
Norway,1963,3.21
Norway,1964,3.12
Norway,1965,3.4
Norway,1966,3.57
Norway,1967,3.51
Norway,1968,3.61
Norway,1969,3.6
Norway,1970,3.47
Norway,1971,3.39
Norway,1972,3.29
Norway,1973,3.13
Norway,1974,3.04
Norway,1975,3.21
Norway,1976,3.12
Norway,1977,3.1
Norway,1978,2.84
Norway,1979,2.77
Norway,1980,2.62
Norway,1981,2.62
Norway,1982,2.74
Norway,1983,2.79
Norway,1984,2.54
Norway,1985,2.8
Norway,1986,2.81
Norway,1987,2.98
Norway,1988,2.84
Norway,1989,2.86
Norway,1990,2.83
Norway,1991,2.7
Norway,1992,2.91
Norway,1993,2.63
Norway,1994,2.68
Norway,1995,2.31
Norway,1996,2.16
Norway,1997,2.02
Norway,1998,2.16
Norway,1999,2.04
Norway,2000,1.7
Norway,2001,1.7
Norway,2002,2.08
Norway,2003,1.97
Norway,2004,1.84
Norway,2005,1.58
Norway,2006,1.44
Norway,2007,1.46
Norway,2008,1.37
Norway,2009,1.6
Norway,2010,1.51
Norway,2011,1.44
Norway,2012,1.39
Norway,2013,1.41
Norway,2014,1.46
Norway,2015,1.5
Norway,2016,1.62
Norway,2017,1.71
Norway,2018,1.72
Norway,2019,1.84
Norway,2020,1.97
Norway,2021,1.68
Norway,2022,1.46
Norway,2023,1.81
Norway,2024,2.09
Oman,1949,
Oman,1950,
Oman,1951,
Oman,1952,
Oman,1953,
Oman,1954,
Oman,1955,
Oman,1956,
Oman,1957,
Oman,1958,
Oman,1959,
Oman,1960,
Oman,1961,
Oman,1962,
Oman,1963,
Oman,1964,
Oman,1965,
Oman,1966,
Oman,1967,
Oman,1968,
Oman,1969,
Oman,1970,
Oman,1971,9.65
Oman,1972,14.86
Oman,1973,18.6
Oman,1974,15.53
Oman,1975,24.96
Oman,1976,23.01
Oman,1977,18.78
Oman,1978,20.95
Oman,1979,15.64
Oman,1980,14.91
Oman,1981,15.71
Oman,1982,16.67
Oman,1983,17.16
Oman,1984,16.89
Oman,1985,15.56
Oman,1986,15.87
Oman,1987,13.2
Oman,1988,13.7
Oman,1989,12.5
Oman,1990,12.39
Oman,1991,11.06
Oman,1992,12.18
Oman,1993,11.53
Oman,1994,11.77
Oman,1995,10.97
Oman,1996,9.41
Oman,1997,9.36
Oman,1998,8.22
Oman,1999,7.52
Oman,2000,7.09
Oman,2001,8.2
Oman,2002,8.1
Oman,2003,7.96
Oman,2004,7.86
Oman,2005,7.71
Oman,2006,7.1
Oman,2007,6.72
Oman,2008,4.96
Oman,2009,6.07
Oman,2010,5.65
Oman,2011,6.45
Oman,2012,10.58
Oman,2013,9.75
Oman,2014,8.86
Oman,2015,9.57
Oman,2016,10.56
Oman,2017,8.41
Oman,2018,8.27
Oman,2019,7.44
Oman,2020,8.03
Oman,2021,6.62
Oman,2022,5.26
Oman,2023,5.53
Oman,2024,5.59
Pakistan,1949,
Pakistan,1950,
Pakistan,1951,
Pakistan,1952,
Pakistan,1953,6.32
Pakistan,1954,5.35
Pakistan,1955,5.57
Pakistan,1956,5.03
Pakistan,1957,4.17
Pakistan,1958,4.25
Pakistan,1959,4.34
Pakistan,1960,4.31
Pakistan,1961,4.1
Pakistan,1962,3.66
Pakistan,1963,3.65
Pakistan,1964,3.87
Pakistan,1965,5.9
Pakistan,1966,6.73
Pakistan,1967,5.4
Pakistan,1968,5.1
Pakistan,1969,5.51
Pakistan,1970,6.16
Pakistan,1971,6.74
Pakistan,1972,6.87
Pakistan,1973,6.21
Pakistan,1974,6.09
Pakistan,1975,6.32
Pakistan,1976,5.89
Pakistan,1977,5.55
Pakistan,1978,5.5
Pakistan,1979,5.45
Pakistan,1980,5.52
Pakistan,1981,5.71
Pakistan,1982,6.38
Pakistan,1983,6.64
Pakistan,1984,6.66
Pakistan,1985,6.92
Pakistan,1986,6.99
Pakistan,1987,6.97
Pakistan,1988,6.79
Pakistan,1989,6.53
Pakistan,1990,6.52
Pakistan,1991,6.57
Pakistan,1992,6.7
Pakistan,1993,6.43
Pakistan,1994,5.92
Pakistan,1995,5.82
Pakistan,1996,6.04
Pakistan,1997,5.62
Pakistan,1998,5.42
Pakistan,1999,5.19
Pakistan,2000,4.17
Pakistan,2001,3.88
Pakistan,2002,4.07
Pakistan,2003,4.09
Pakistan,2004,3.96
Pakistan,2005,3.9
Pakistan,2006,3.65
Pakistan,2007,3.51
Pakistan,2008,3.46
Pakistan,2009,3.27
Pakistan,2010,3.04
Pakistan,2011,2.92
Pakistan,2012,3.1
Pakistan,2013,3.09
Pakistan,2014,3.1
Pakistan,2015,3.16
Pakistan,2016,3.2
Pakistan,2017,3.36
Pakistan,2018,3.59
Pakistan,2019,3.51
Pakistan,2020,3.49
Pakistan,2021,3.39
Pakistan,2022,3.18
Pakistan,2023,2.88
Pakistan,2024,2.67
Panama,1949,
Panama,1950,
Panama,1951,
Panama,1952,
Panama,1953,
Panama,1954,
Panama,1955,
Panama,1956,
Panama,1957,
Panama,1958,
Panama,1959,
Panama,1960,
Panama,1961,
Panama,1962,
Panama,1963,
Panama,1964,
Panama,1965,
Panama,1966,
Panama,1967,
Panama,1968,
Panama,1969,
Panama,1970,
Panama,1971,
Panama,1972,
Panama,1973,
Panama,1974,
Panama,1975,
Panama,1976,
Panama,1977,
Panama,1978,
Panama,1979,
Panama,1980,
Panama,1981,
Panama,1982,
Panama,1983,
Panama,1984,
Panama,1985,
Panama,1986,
Panama,1987,1.84
Panama,1988,2.11
Panama,1989,2.08
Panama,1990,1.26
Panama,1991,1.23
Panama,1992,1.08
Panama,1993,1.2
Panama,1994,1.19
Panama,1995,1.12
Panama,1996,1.09
Panama,1997,1.17
Panama,1998,0.95
Panama,1999,0.97
Panama,2000,
Panama,2001,
Panama,2002,
Panama,2003,
Panama,2004,
Panama,2005,
Panama,2006,
Panama,2007,
Panama,2008,
Panama,2009,
Panama,2010,
Panama,2011,
Panama,2012,
Panama,2013,
Panama,2014,
Panama,2015,
Panama,2016,
Panama,2017,
Panama,2018,
Panama,2019,
Panama,2020,
Panama,2021,
Panama,2022,
Panama,2023,
Panama,2024,
Papua New Guinea,1949,
Papua New Guinea,1950,
Papua New Guinea,1951,
Papua New Guinea,1952,
Papua New Guinea,1953,
Papua New Guinea,1954,
Papua New Guinea,1955,
Papua New Guinea,1956,
Papua New Guinea,1957,
Papua New Guinea,1958,
Papua New Guinea,1959,
Papua New Guinea,1960,
Papua New Guinea,1961,
Papua New Guinea,1962,
Papua New Guinea,1963,
Papua New Guinea,1964,
Papua New Guinea,1965,
Papua New Guinea,1966,
Papua New Guinea,1967,
Papua New Guinea,1968,
Papua New Guinea,1969,
Papua New Guinea,1970,
Papua New Guinea,1971,
Papua New Guinea,1972,
Papua New Guinea,1973,
Papua New Guinea,1974,
Papua New Guinea,1975,0.6
Papua New Guinea,1976,1.63
Papua New Guinea,1977,1.25
Papua New Guinea,1978,1.27
Papua New Guinea,1979,1.21
Papua New Guinea,1980,1.4
Papua New Guinea,1981,1.41
Papua New Guinea,1982,
Papua New Guinea,1983,
Papua New Guinea,1984,
Papua New Guinea,1985,1.56
Papua New Guinea,1986,1.56
Papua New Guinea,1987,1.61
Papua New Guinea,1988,1.27
Papua New Guinea,1989,1.5
Papua New Guinea,1990,1.42
Papua New Guinea,1991,0.92
Papua New Guinea,1992,0.89
Papua New Guinea,1993,0.92
Papua New Guinea,1994,1.01
Papua New Guinea,1995,0.78
Papua New Guinea,1996,1.02
Papua New Guinea,1997,1.08
Papua New Guinea,1998,0.88
Papua New Guinea,1999,0.69
Papua New Guinea,2000,0.64
Papua New Guinea,2001,0.55
Papua New Guinea,2002,0.37
Papua New Guinea,2003,0.35
Papua New Guinea,2004,0.39
Papua New Guinea,2005,0.42
Papua New Guinea,2006,0.38
Papua New Guinea,2007,0.41
Papua New Guinea,2008,0.34
Papua New Guinea,2009,0.45
Papua New Guinea,2010,0.33
Papua New Guinea,2011,0.36
Papua New Guinea,2012,0.52
Papua New Guinea,2013,0.49
Papua New Guinea,2014,0.48
Papua New Guinea,2015,0.46
Papua New Guinea,2016,0.38
Papua New Guinea,2017,0.36
Papua New Guinea,2018,0.33
Papua New Guinea,2019,0.36
Papua New Guinea,2020,0.39
Papua New Guinea,2021,0.33
Papua New Guinea,2022,0.42
Papua New Guinea,2023,0.34
Papua New Guinea,2024,0.31
Paraguay,1949,
Paraguay,1950,
Paraguay,1951,
Paraguay,1952,
Paraguay,1953,
Paraguay,1954,
Paraguay,1955,
Paraguay,1956,
Paraguay,1957,
Paraguay,1958,
Paraguay,1959,
Paraguay,1960,2.53
Paraguay,1961,2.28
Paraguay,1962,2.3
Paraguay,1963,2.4
Paraguay,1964,2.4
Paraguay,1965,2.63
Paraguay,1966,2.92
Paraguay,1967,3.03
Paraguay,1968,3.21
Paraguay,1969,3.16
Paraguay,1970,3.32
Paraguay,1971,3.23
Paraguay,1972,3.85
Paraguay,1973,3.42
Paraguay,1974,2.56
Paraguay,1975,3.13
Paraguay,1976,2.99
Paraguay,1977,2.89
Paraguay,1978,2.96
Paraguay,1979,2.03
Paraguay,1980,2.18
Paraguay,1981,2.53
Paraguay,1982,3.8
Paraguay,1983,3.65
Paraguay,1984,3.51
Paraguay,1985,3.76
Paraguay,1986,3.8
Paraguay,1987,2.77
Paraguay,1988,3.2
Paraguay,1989,2.43
Paraguay,1990,2.13
Paraguay,1991,2.83
Paraguay,1992,2.37
Paraguay,1993,2.18
Paraguay,1994,2.05
Paraguay,1995,2.28
Paraguay,1996,2.06
Paraguay,1997,1.69
Paraguay,1998,1.54
Paraguay,1999,1.39
Paraguay,2000,1.24
Paraguay,2001,1.07
Paraguay,2002,0.97
Paraguay,2003,0.83
Paraguay,2004,0.88
Paraguay,2005,0.72
Paraguay,2006,0.79
Paraguay,2007,0.74
Paraguay,2008,0.68
Paraguay,2009,0.75
Paraguay,2010,0.75
Paraguay,2011,0.84
Paraguay,2012,0.96
Paraguay,2013,0.96
Paraguay,2014,0.99
Paraguay,2015,1.07
Paraguay,2016,0.95
Paraguay,2017,0.89
Paraguay,2018,0.96
Paraguay,2019,0.97
Paraguay,2020,1.03
Paraguay,2021,0.92
Paraguay,2022,0.87
Paraguay,2023,0.92
Paraguay,2024,0.93
Peru,1949,2.9
Peru,1950,2.83
Peru,1951,2.92
Peru,1952,2.66
Peru,1953,2.78
Peru,1954,2.69
Peru,1955,2.77
Peru,1956,2.98
Peru,1957,2.92
Peru,1958,2.9
Peru,1959,2.8
Peru,1960,2.51
Peru,1961,2.64
Peru,1962,2.43
Peru,1963,3.32
Peru,1964,3.34
Peru,1965,3.1
Peru,1966,2.84
Peru,1967,4.7
Peru,1968,2.36
Peru,1969,2.39
Peru,1970,3.51
Peru,1971,3.62
Peru,1972,3.63
Peru,1973,3.93
Peru,1974,3.93
Peru,1975,5.22
Peru,1976,5.68
Peru,1977,8.21
Peru,1978,6.2
Peru,1979,3.35
Peru,1980,4.56
Peru,1981,3.98
Peru,1982,5.11
Peru,1983,4.85
Peru,1984,3.36
Peru,1985,3.87
Peru,1986,3.35
Peru,1987,3.41
Peru,1988,2.19
Peru,1989,2.19
Peru,1990,2.68
Peru,1991,2.02
Peru,1992,2.51
Peru,1993,2.75
Peru,1994,2.47
Peru,1995,2.64
Peru,1996,2.5
Peru,1997,2.0
Peru,1998,2.02
Peru,1999,1.93
Peru,2000,1.79
Peru,2001,1.75
Peru,2002,1.54
Peru,2003,1.51
Peru,2004,1.38
Peru,2005,1.58
Peru,2006,1.46
Peru,2007,1.3
Peru,2008,1.25
Peru,2009,1.53
Peru,2010,1.48
Peru,2011,1.37
Peru,2012,1.48
Peru,2013,1.64
Peru,2014,1.6
Peru,2015,1.75
Peru,2016,1.32
Peru,2017,1.27
Peru,2018,1.19
Peru,2019,1.21
Peru,2020,1.32
Peru,2021,1.16
Peru,2022,1.14
Peru,2023,1.24
Peru,2024,0.91
Philippines,1949,
Philippines,1950,
Philippines,1951,
Philippines,1952,
Philippines,1953,
Philippines,1954,
Philippines,1955,
Philippines,1956,
Philippines,1957,
Philippines,1958,1.96
Philippines,1959,1.84
Philippines,1960,1.78
Philippines,1961,1.7
Philippines,1962,1.81
Philippines,1963,1.86
Philippines,1964,1.7
Philippines,1965,1.55
Philippines,1966,1.65
Philippines,1967,1.74
Philippines,1968,1.87
Philippines,1969,2.09
Philippines,1970,2.16
Philippines,1971,2.07
Philippines,1972,2.34
Philippines,1973,2.81
Philippines,1974,3.56
Philippines,1975,
Philippines,1976,3.93
Philippines,1977,3.62
Philippines,1978,2.58
Philippines,1979,2.96
Philippines,1980,2.71
Philippines,1981,2.76
Philippines,1982,2.6
Philippines,1983,2.41
Philippines,1984,1.63
Philippines,1985,1.98
Philippines,1986,1.99
Philippines,1987,1.97
Philippines,1988,2.46
Philippines,1989,2.24
Philippines,1990,2.15
Philippines,1991,2.01
Philippines,1992,2.04
Philippines,1993,2.16
Philippines,1994,2.17
Philippines,1995,2.29
Philippines,1996,2.27
Philippines,1997,1.91
Philippines,1998,1.7
Philippines,1999,1.62
Philippines,2000,1.61
Philippines,2001,1.47
Philippines,2002,1.47
Philippines,2003,1.55
Philippines,2004,1.36
Philippines,2005,1.28
Philippines,2006,1.26
Philippines,2007,1.29
Philippines,2008,1.25
Philippines,2009,1.2
Philippines,2010,1.17
Philippines,2011,1.15
Philippines,2012,1.11
Philippines,2013,1.19
Philippines,2014,1.04
Philippines,2015,1.09
Philippines,2016,1.05
Philippines,2017,1.17
Philippines,2018,1.18
Philippines,2019,1.13
Philippines,2020,1.3
Philippines,2021,1.41
Philippines,2022,1.32
Philippines,2023,1.18
Philippines,2024,1.32
Poland,1949,
Poland,1950,
Poland,1951,
Poland,1952,
Poland,1953,
Poland,1954,
Poland,1955,
Poland,1956,
Poland,1957,
Poland,1958,
Poland,1959,
Poland,1960,
Poland,1961,
Poland,1962,
Poland,1963,
Poland,1964,
Poland,1965,
Poland,1966,
Poland,1967,
Poland,1968,
Poland,1969,
Poland,1970,
Poland,1971,
Poland,1972,
Poland,1973,
Poland,1974,
Poland,1975,
Poland,1976,
Poland,1977,
Poland,1978,
Poland,1979,
Poland,1980,2.65
Poland,1981,2.91
Poland,1982,3.25
Poland,1983,2.9
Poland,1984,3.06
Poland,1985,3.02
Poland,1986,2.94
Poland,1987,2.76
Poland,1988,2.59
Poland,1989,1.82
Poland,1990,2.61
Poland,1991,2.25
Poland,1992,2.23
Poland,1993,2.47
Poland,1994,2.27
Poland,1995,1.9
Poland,1996,1.92
Poland,1997,2.0
Poland,1998,1.99
Poland,1999,1.89
Poland,2000,1.82
Poland,2001,1.89
Poland,2002,1.89
Poland,2003,1.9
Poland,2004,1.86
Poland,2005,1.92
Poland,2006,1.91
Poland,2007,2.0
Poland,2008,1.75
Poland,2009,1.79
Poland,2010,1.84
Poland,2011,1.79
Poland,2012,1.8
Poland,2013,1.79
Poland,2014,1.91
Poland,2015,2.13
Poland,2016,1.94
Poland,2017,1.89
Poland,2018,2.02
Poland,2019,1.95
Poland,2020,2.26
Poland,2021,2.22
Poland,2022,2.2
Poland,2023,3.27
Poland,2024,4.15
Portugal,1949,
Portugal,1950,2.34
Portugal,1951,
Portugal,1952,
Portugal,1953,2.49
Portugal,1954,2.58
Portugal,1955,2.6
Portugal,1956,2.48
Portugal,1957,2.47
Portugal,1958,2.44
Portugal,1959,2.6
Portugal,1960,2.56
Portugal,1961,3.89
Portugal,1962,4.23
Portugal,1963,3.96
Portugal,1964,4.11
Portugal,1965,3.81
Portugal,1966,3.85
Portugal,1967,4.46
Portugal,1968,4.5
Portugal,1969,4.14
Portugal,1970,4.14
Portugal,1971,4.33
Portugal,1972,4.06
Portugal,1973,3.48
Portugal,1974,4.34
Portugal,1975,3.1
Portugal,1976,2.36
Portugal,1977,2.07
Portugal,1978,2.09
Portugal,1979,2.03
Portugal,1980,2.03
Portugal,1981,2.0
Portugal,1982,2.04
Portugal,1983,1.91
Portugal,1984,1.86
Portugal,1985,1.84
Portugal,1986,1.92
Portugal,1987,1.86
Portugal,1988,1.89
Portugal,1989,1.89
Portugal,1990,1.84
Portugal,1991,1.83
Portugal,1992,1.81
Portugal,1993,1.79
Portugal,1994,1.68
Portugal,1995,1.71
Portugal,1996,1.6
Portugal,1997,1.54
Portugal,1998,1.42
Portugal,1999,1.43
Portugal,2000,1.41
Portugal,2001,1.45
Portugal,2002,1.46
Portugal,2003,1.43
Portugal,2004,1.51
Portugal,2005,1.59
Portugal,2006,1.51
Portugal,2007,1.38
Portugal,2008,1.42
Portugal,2009,1.53
Portugal,2010,1.49
Portugal,2011,1.49
Portugal,2012,1.4
Portugal,2013,1.44
Portugal,2014,1.31
Portugal,2015,1.33
Portugal,2016,1.54
Portugal,2017,1.24
Portugal,2018,1.34
Portugal,2019,1.37
Portugal,2020,1.43
Portugal,2021,1.52
Portugal,2022,1.39
Portugal,2023,1.47
Portugal,2024,1.53
Qatar,1949,
Qatar,1950,
Qatar,1951,
Qatar,1952,
Qatar,1953,
Qatar,1954,
Qatar,1955,
Qatar,1956,
Qatar,1957,
Qatar,1958,
Qatar,1959,
Qatar,1960,
Qatar,1961,
Qatar,1962,
Qatar,1963,
Qatar,1964,
Qatar,1965,
Qatar,1966,
Qatar,1967,
Qatar,1968,
Qatar,1969,
Qatar,1970,
Qatar,1971,
Qatar,1972,
Qatar,1973,
Qatar,1974,
Qatar,1975,
Qatar,1976,
Qatar,1977,
Qatar,1978,
Qatar,1979,
Qatar,1980,7.87
Qatar,1981,12.22
Qatar,1982,19.28
Qatar,1983,13.96
Qatar,1984,12.73
Qatar,1985,24.85
Qatar,1986,
Qatar,1987,15.89
Qatar,1988,16.27
Qatar,1989,13.08
Qatar,1990,10.74
Qatar,1991,13.01
Qatar,1992,
Qatar,1993,
Qatar,1994,
Qatar,1995,
Qatar,1996,
Qatar,1997,
Qatar,1998,
Qatar,1999,
Qatar,2000,
Qatar,2001,
Qatar,2002,3.93
Qatar,2003,3.33
Qatar,2004,2.43
Qatar,2005,1.99
Qatar,2006,1.75
Qatar,2007,1.96
Qatar,2008,2.01
Qatar,2009,1.99
Qatar,2010,1.47
Qatar,2011,
Qatar,2012,
Qatar,2013,
Qatar,2014,
Qatar,2015,
Qatar,2016,
Qatar,2017,
Qatar,2018,
Qatar,2019,
Qatar,2020,
Qatar,2021,6.45
Qatar,2022,6.5
Qatar,2023,
Qatar,2024,
Romania,1949,
Romania,1950,
Romania,1951,
Romania,1952,
Romania,1953,
Romania,1954,
Romania,1955,
Romania,1956,
Romania,1957,
Romania,1958,
Romania,1959,
Romania,1960,
Romania,1961,
Romania,1962,
Romania,1963,
Romania,1964,
Romania,1965,
Romania,1966,
Romania,1967,
Romania,1968,
Romania,1969,
Romania,1970,
Romania,1971,
Romania,1972,
Romania,1973,
Romania,1974,
Romania,1975,
Romania,1976,
Romania,1977,
Romania,1978,
Romania,1979,
Romania,1980,2.2
Romania,1981,2.2
Romania,1982,2.04
Romania,1983,1.99
Romania,1984,1.91
Romania,1985,4.3
Romania,1986,4.45
Romania,1987,3.91
Romania,1988,4.21
Romania,1989,4.8
Romania,1990,4.55
Romania,1991,4.77
Romania,1992,4.25
Romania,1993,2.74
Romania,1994,3.11
Romania,1995,2.61
Romania,1996,2.37
Romania,1997,3.02
Romania,1998,3.0
Romania,1999,2.64
Romania,2000,2.5
Romania,2001,2.42
Romania,2002,2.29
Romania,2003,2.09
Romania,2004,2.01
Romania,2005,2.01
Romania,2006,1.85
Romania,2007,1.49
Romania,2008,1.4
Romania,2009,1.28
Romania,2010,1.23
Romania,2011,1.24
Romania,2012,1.17
Romania,2013,1.29
Romania,2014,1.35
Romania,2015,1.45
Romania,2016,1.43
Romania,2017,1.73
Romania,2018,1.79
Romania,2019,1.83
Romania,2020,2.0
Romania,2021,1.85
Romania,2022,1.75
Romania,2023,1.6
Romania,2024,2.3
Russia,1949,
Russia,1950,
Russia,1951,
Russia,1952,
Russia,1953,
Russia,1954,
Russia,1955,
Russia,1956,
Russia,1957,
Russia,1958,
Russia,1959,
Russia,1960,
Russia,1961,
Russia,1962,
Russia,1963,
Russia,1964,
Russia,1965,
Russia,1966,
Russia,1967,
Russia,1968,
Russia,1969,
Russia,1970,
Russia,1971,
Russia,1972,
Russia,1973,
Russia,1974,
Russia,1975,
Russia,1976,
Russia,1977,
Russia,1978,
Russia,1979,
Russia,1980,
Russia,1981,
Russia,1982,
Russia,1983,
Russia,1984,
Russia,1985,
Russia,1986,
Russia,1987,
Russia,1988,
Russia,1989,
Russia,1990,
Russia,1991,
Russia,1992,4.43
Russia,1993,4.18
Russia,1994,4.52
Russia,1995,3.78
Russia,1996,3.76
Russia,1997,4.04
Russia,1998,2.73
Russia,1999,3.07
Russia,2000,3.31
Russia,2001,3.55
Russia,2002,3.76
Russia,2003,3.67
Russia,2004,3.3
Russia,2005,3.33
Russia,2006,3.25
Russia,2007,3.12
Russia,2008,3.15
Russia,2009,3.92
Russia,2010,3.59
Russia,2011,3.43
Russia,2012,3.69
Russia,2013,3.85
Russia,2014,4.11
Russia,2015,4.87
Russia,2016,5.43
Russia,2017,4.25
Russia,2018,3.72
Russia,2019,3.86
Russia,2020,4.14
Russia,2021,3.58
Russia,2022,4.61
Russia,2023,5.4
Russia,2024,7.05
Rwanda,1949,
Rwanda,1950,
Rwanda,1951,
Rwanda,1952,
Rwanda,1953,
Rwanda,1954,
Rwanda,1955,
Rwanda,1956,
Rwanda,1957,
Rwanda,1958,
Rwanda,1959,
Rwanda,1960,
Rwanda,1961,
Rwanda,1962,
Rwanda,1963,
Rwanda,1964,
Rwanda,1965,
Rwanda,1966,
Rwanda,1967,
Rwanda,1968,
Rwanda,1969,
Rwanda,1970,
Rwanda,1971,
Rwanda,1972,
Rwanda,1973,1.88
Rwanda,1974,1.47
Rwanda,1975,1.63
Rwanda,1976,1.61
Rwanda,1977,2.15
Rwanda,1978,1.59
Rwanda,1979,1.75
Rwanda,1980,1.88
Rwanda,1981,2.04
Rwanda,1982,2.0
Rwanda,1983,1.9
Rwanda,1984,1.6
Rwanda,1985,1.59
Rwanda,1986,1.8
Rwanda,1987,1.68
Rwanda,1988,1.59
Rwanda,1989,1.75
Rwanda,1990,3.73
Rwanda,1991,5.51
Rwanda,1992,4.29
Rwanda,1993,4.54
Rwanda,1994,3.44
Rwanda,1995,0.61
Rwanda,1996,5.33
Rwanda,1997,4.17
Rwanda,1998,4.38
Rwanda,1999,4.45
Rwanda,2000,3.54
Rwanda,2001,3.4
Rwanda,2002,3.05
Rwanda,2003,2.45
Rwanda,2004,1.97
Rwanda,2005,1.74
Rwanda,2006,1.64
Rwanda,2007,1.37
Rwanda,2008,1.31
Rwanda,2009,1.33
Rwanda,2010,1.22
Rwanda,2011,1.09
Rwanda,2012,1.04
Rwanda,2013,1.05
Rwanda,2014,1.1
Rwanda,2015,1.21
Rwanda,2016,1.24
Rwanda,2017,1.25
Rwanda,2018,1.24
Rwanda,2019,1.2
Rwanda,2020,1.47
Rwanda,2021,1.51
Rwanda,2022,1.33
Rwanda,2023,1.25
Rwanda,2024,1.25
Saudi Arabia,1949,
Saudi Arabia,1950,
Saudi Arabia,1951,
Saudi Arabia,1952,
Saudi Arabia,1953,
Saudi Arabia,1954,
Saudi Arabia,1955,
Saudi Arabia,1956,
Saudi Arabia,1957,
Saudi Arabia,1958,
Saudi Arabia,1959,
Saudi Arabia,1960,
Saudi Arabia,1961,
Saudi Arabia,1962,
Saudi Arabia,1963,5.9
Saudi Arabia,1964,5.97
Saudi Arabia,1965,7.69
Saudi Arabia,1966,11.32
Saudi Arabia,1967,11.51
Saudi Arabia,1968,8.09
Saudi Arabia,1969,9.57
Saudi Arabia,1970,9.4
Saudi Arabia,1971,8.64
Saudi Arabia,1972,10.08
Saudi Arabia,1973,10.84
Saudi Arabia,1974,
Saudi Arabia,1975,
Saudi Arabia,1976,
Saudi Arabia,1977,15.65
Saudi Arabia,1978,16.74
Saudi Arabia,1979,15.77
Saudi Arabia,1980,12.61
Saudi Arabia,1981,13.27
Saudi Arabia,1982,17.72
Saudi Arabia,1983,16.97
Saudi Arabia,1984,19.0
Saudi Arabia,1985,17.0
Saudi Arabia,1986,
Saudi Arabia,1987,16.9
Saudi Arabia,1988,15.15
Saudi Arabia,1989,13.39
Saudi Arabia,1990,14.02
Saudi Arabia,1991,12.47
Saudi Arabia,1992,11.28
Saudi Arabia,1993,12.47
Saudi Arabia,1994,10.64
Saudi Arabia,1995,9.28
Saudi Arabia,1996,8.47
Saudi Arabia,1997,11.0
Saudi Arabia,1998,14.31
Saudi Arabia,1999,11.38
Saudi Arabia,2000,10.53
Saudi Arabia,2001,11.42
Saudi Arabia,2002,9.76
Saudi Arabia,2003,8.69
Saudi Arabia,2004,8.08
Saudi Arabia,2005,7.73
Saudi Arabia,2006,7.85
Saudi Arabia,2007,8.53
Saudi Arabia,2008,7.35
Saudi Arabia,2009,9.62
Saudi Arabia,2010,8.57
Saudi Arabia,2011,7.17
Saudi Arabia,2012,7.62
Saudi Arabia,2013,8.89
Saudi Arabia,2014,10.54
Saudi Arabia,2015,13.02
Saudi Arabia,2016,9.56
Saudi Arabia,2017,9.85
Saudi Arabia,2018,8.81
Saudi Arabia,2019,7.79
Saudi Arabia,2020,8.79
Saudi Arabia,2021,7.23
Saudi Arabia,2022,6.4
Saudi Arabia,2023,7.28
Saudi Arabia,2024,7.3
Senegal,1949,
Senegal,1950,
Senegal,1951,
Senegal,1952,
Senegal,1953,
Senegal,1954,
Senegal,1955,
Senegal,1956,
Senegal,1957,
Senegal,1958,
Senegal,1959,
Senegal,1960,
Senegal,1961,
Senegal,1962,
Senegal,1963,
Senegal,1964,
Senegal,1965,
Senegal,1966,
Senegal,1967,
Senegal,1968,
Senegal,1969,
Senegal,1970,
Senegal,1971,
Senegal,1972,
Senegal,1973,
Senegal,1974,
Senegal,1975,
Senegal,1976,
Senegal,1977,
Senegal,1978,
Senegal,1979,3.43
Senegal,1980,2.76
Senegal,1981,2.73
Senegal,1982,2.35
Senegal,1983,2.55
Senegal,1984,2.41
Senegal,1985,2.19
Senegal,1986,2.04
Senegal,1987,1.98
Senegal,1988,2.11
Senegal,1989,2.03
Senegal,1990,1.63
Senegal,1991,1.55
Senegal,1992,1.44
Senegal,1993,1.67
Senegal,1994,1.35
Senegal,1995,1.31
Senegal,1996,1.24
Senegal,1997,1.2
Senegal,1998,1.18
Senegal,1999,1.2
Senegal,2000,1.05
Senegal,2001,1.12
Senegal,2002,1.1
Senegal,2003,1.12
Senegal,2004,1.06
Senegal,2005,1.13
Senegal,2006,1.27
Senegal,2007,1.38
Senegal,2008,1.29
Senegal,2009,1.34
Senegal,2010,1.22
Senegal,2011,1.29
Senegal,2012,1.11
Senegal,2013,1.25
Senegal,2014,1.21
Senegal,2015,1.21
Senegal,2016,1.6
Senegal,2017,1.47
Senegal,2018,1.67
Senegal,2019,1.52
Senegal,2020,1.41
Senegal,2021,1.76
Senegal,2022,1.52
Senegal,2023,1.48
Senegal,2024,1.57
Serbia,1949,
Serbia,1950,
Serbia,1951,
Serbia,1952,
Serbia,1953,
Serbia,1954,
Serbia,1955,
Serbia,1956,
Serbia,1957,
Serbia,1958,
Serbia,1959,
Serbia,1960,
Serbia,1961,
Serbia,1962,
Serbia,1963,
Serbia,1964,
Serbia,1965,
Serbia,1966,
Serbia,1967,
Serbia,1968,
Serbia,1969,
Serbia,1970,
Serbia,1971,
Serbia,1972,
Serbia,1973,
Serbia,1974,
Serbia,1975,
Serbia,1976,
Serbia,1977,
Serbia,1978,
Serbia,1979,
Serbia,1980,
Serbia,1981,
Serbia,1982,
Serbia,1983,
Serbia,1984,
Serbia,1985,
Serbia,1986,
Serbia,1987,
Serbia,1988,
Serbia,1989,
Serbia,1990,
Serbia,1991,
Serbia,1992,
Serbia,1993,
Serbia,1994,
Serbia,1995,
Serbia,1996,3.16
Serbia,1997,3.37
Serbia,1998,3.06
Serbia,1999,3.53
Serbia,2000,4.6
Serbia,2001,3.63
Serbia,2002,3.78
Serbia,2003,3.1
Serbia,2004,2.75
Serbia,2005,2.22
Serbia,2006,2.12
Serbia,2007,2.16
Serbia,2008,2.05
Serbia,2009,2.07
Serbia,2010,2.0
Serbia,2011,1.93
Serbia,2012,1.92
Serbia,2013,1.85
Serbia,2014,1.87
Serbia,2015,1.7
Serbia,2016,1.86
Serbia,2017,1.75
Serbia,2018,2.02
Serbia,2019,2.18
Serbia,2020,2.3
Serbia,2021,2.73
Serbia,2022,2.17
Serbia,2023,2.21
Serbia,2024,2.6
Seychelles,1949,
Seychelles,1950,
Seychelles,1951,
Seychelles,1952,
Seychelles,1953,
Seychelles,1954,
Seychelles,1955,
Seychelles,1956,
Seychelles,1957,
Seychelles,1958,
Seychelles,1959,
Seychelles,1960,
Seychelles,1961,
Seychelles,1962,
Seychelles,1963,
Seychelles,1964,
Seychelles,1965,
Seychelles,1966,
Seychelles,1967,
Seychelles,1968,
Seychelles,1969,
Seychelles,1970,
Seychelles,1971,
Seychelles,1972,
Seychelles,1973,
Seychelles,1974,
Seychelles,1975,
Seychelles,1976,
Seychelles,1977,
Seychelles,1978,
Seychelles,1979,
Seychelles,1980,
Seychelles,1981,
Seychelles,1982,
Seychelles,1983,
Seychelles,1984,
Seychelles,1985,4.29
Seychelles,1986,4.67
Seychelles,1987,4.54
Seychelles,1988,4.28
Seychelles,1989,4.28
Seychelles,1990,4.03
Seychelles,1991,4.42
Seychelles,1992,4.73
Seychelles,1993,2.76
Seychelles,1994,2.44
Seychelles,1995,2.28
Seychelles,1996,2.1
Seychelles,1997,2.02
Seychelles,1998,1.73
Seychelles,1999,1.78
Seychelles,2000,1.68
Seychelles,2001,1.78
Seychelles,2002,1.68
Seychelles,2003,1.73
Seychelles,2004,1.9
Seychelles,2005,1.6
Seychelles,2006,1.41
Seychelles,2007,1.47
Seychelles,2008,1.15
Seychelles,2009,1.02
Seychelles,2010,0.74
Seychelles,2011,0.86
Seychelles,2012,0.94
Seychelles,2013,1.04
Seychelles,2014,2.23
Seychelles,2015,1.26
Seychelles,2016,1.4
Seychelles,2017,1.33
Seychelles,2018,1.21
Seychelles,2019,1.16
Seychelles,2020,1.37
Seychelles,2021,2.46
Seychelles,2022,1.14
Seychelles,2023,1.49
Seychelles,2024,1.18
Sierra Leone,1949,
Sierra Leone,1950,
Sierra Leone,1951,
Sierra Leone,1952,
Sierra Leone,1953,
Sierra Leone,1954,
Sierra Leone,1955,
Sierra Leone,1956,
Sierra Leone,1957,
Sierra Leone,1958,
Sierra Leone,1959,
Sierra Leone,1960,0.75
Sierra Leone,1961,0.73
Sierra Leone,1962,0.71
Sierra Leone,1963,0.76
Sierra Leone,1964,0.78
Sierra Leone,1965,0.72
Sierra Leone,1966,0.69
Sierra Leone,1967,0.8
Sierra Leone,1968,0.8
Sierra Leone,1969,0.87
Sierra Leone,1970,0.93
Sierra Leone,1971,0.9
Sierra Leone,1972,0.95
Sierra Leone,1973,1.04
Sierra Leone,1974,1.21
Sierra Leone,1975,1.03
Sierra Leone,1976,1.09
Sierra Leone,1977,1.09
Sierra Leone,1978,1.0
Sierra Leone,1979,1.11
Sierra Leone,1980,0.59
Sierra Leone,1981,0.54
Sierra Leone,1982,0.43
Sierra Leone,1983,0.36
Sierra Leone,1984,0.3
Sierra Leone,1985,0.22
Sierra Leone,1986,0.35
Sierra Leone,1987,0.25
Sierra Leone,1988,0.3
Sierra Leone,1989,0.52
Sierra Leone,1990,0.82
Sierra Leone,1991,1.28
Sierra Leone,1992,1.69
Sierra Leone,1993,1.31
Sierra Leone,1994,1.25
Sierra Leone,1995,1.24
Sierra Leone,1996,0.85
Sierra Leone,1997,0.48
Sierra Leone,1998,0.64
Sierra Leone,1999,1.09
Sierra Leone,2000,1.58
Sierra Leone,2001,1.72
Sierra Leone,2002,1.36
Sierra Leone,2003,1.28
Sierra Leone,2004,0.97
Sierra Leone,2005,0.86
Sierra Leone,2006,0.89
Sierra Leone,2007,0.84
Sierra Leone,2008,0.6
Sierra Leone,2009,0.7
Sierra Leone,2010,0.6
Sierra Leone,2011,0.53
Sierra Leone,2012,0.52
Sierra Leone,2013,0.47
Sierra Leone,2014,0.75
Sierra Leone,2015,0.58
Sierra Leone,2016,0.71
Sierra Leone,2017,0.68
Sierra Leone,2018,0.47
Sierra Leone,2019,0.38
Sierra Leone,2020,0.49
Sierra Leone,2021,0.6
Sierra Leone,2022,0.58
Sierra Leone,2023,0.6
Sierra Leone,2024,0.46
Singapore,1949,
Singapore,1950,
Singapore,1951,
Singapore,1952,
Singapore,1953,
Singapore,1954,
Singapore,1955,
Singapore,1956,
Singapore,1957,
Singapore,1958,
Singapore,1959,
Singapore,1960,
Singapore,1961,
Singapore,1962,
Singapore,1963,
Singapore,1964,
Singapore,1965,
Singapore,1966,
Singapore,1967,
Singapore,1968,
Singapore,1969,
Singapore,1970,5.4
Singapore,1971,5.64
Singapore,1972,5.09
Singapore,1973,4.7
Singapore,1974,4.29
Singapore,1975,4.65
Singapore,1976,5.04
Singapore,1977,5.68
Singapore,1978,5.2
Singapore,1979,4.65
Singapore,1980,4.64
Singapore,1981,4.74
Singapore,1982,4.65
Singapore,1983,4.07
Singapore,1984,4.7
Singapore,1985,5.66
Singapore,1986,5.44
Singapore,1987,4.87
Singapore,1988,4.55
Singapore,1989,4.49
Singapore,1990,4.63
Singapore,1991,4.45
Singapore,1992,4.47
Singapore,1993,4.09
Singapore,1994,3.79
Singapore,1995,4.18
Singapore,1996,4.26
Singapore,1997,4.45
Singapore,1998,5.21
Singapore,1999,5.21
Singapore,2000,4.51
Singapore,2001,4.8
Singapore,2002,4.89
Singapore,2003,4.84
Singapore,2004,4.38
Singapore,2005,4.28
Singapore,2006,3.92
Singapore,2007,3.6
Singapore,2008,3.85
Singapore,2009,3.88
Singapore,2010,3.38
Singapore,2011,3.19
Singapore,2012,3.11
Singapore,2013,3.04
Singapore,2014,3.05
Singapore,2015,3.05
Singapore,2016,3.1
Singapore,2017,2.97
Singapore,2018,2.81
Singapore,2019,2.76
Singapore,2020,2.8
Singapore,2021,2.54
Singapore,2022,2.41
Singapore,2023,2.83
Singapore,2024,2.84
Slovakia,1949,
Slovakia,1950,
Slovakia,1951,
Slovakia,1952,
Slovakia,1953,
Slovakia,1954,
Slovakia,1955,
Slovakia,1956,
Slovakia,1957,
Slovakia,1958,
Slovakia,1959,
Slovakia,1960,
Slovakia,1961,
Slovakia,1962,
Slovakia,1963,
Slovakia,1964,
Slovakia,1965,
Slovakia,1966,
Slovakia,1967,
Slovakia,1968,
Slovakia,1969,
Slovakia,1970,
Slovakia,1971,
Slovakia,1972,
Slovakia,1973,
Slovakia,1974,
Slovakia,1975,
Slovakia,1976,
Slovakia,1977,
Slovakia,1978,
Slovakia,1979,
Slovakia,1980,
Slovakia,1981,
Slovakia,1982,
Slovakia,1983,
Slovakia,1984,
Slovakia,1985,
Slovakia,1986,
Slovakia,1987,
Slovakia,1988,
Slovakia,1989,
Slovakia,1990,
Slovakia,1991,
Slovakia,1992,
Slovakia,1993,2.0
Slovakia,1994,1.94
Slovakia,1995,3.1
Slovakia,1996,2.93
Slovakia,1997,2.27
Slovakia,1998,1.74
Slovakia,1999,1.57
Slovakia,2000,1.65
Slovakia,2001,1.84
Slovakia,2002,1.78
Slovakia,2003,1.85
Slovakia,2004,1.66
Slovakia,2005,1.69
Slovakia,2006,1.59
Slovakia,2007,1.48
Slovakia,2008,1.46
Slovakia,2009,1.52
Slovakia,2010,1.25
Slovakia,2011,1.07
Slovakia,2012,1.08
Slovakia,2013,0.98
Slovakia,2014,0.98
Slovakia,2015,1.11
Slovakia,2016,1.11
Slovakia,2017,1.1
Slovakia,2018,1.22
Slovakia,2019,1.7
Slovakia,2020,1.9
Slovakia,2021,1.71
Slovakia,2022,1.8
Slovakia,2023,1.84
Slovakia,2024,2.01
Slovenia,1949,
Slovenia,1950,
Slovenia,1951,
Slovenia,1952,
Slovenia,1953,
Slovenia,1954,
Slovenia,1955,
Slovenia,1956,
Slovenia,1957,
Slovenia,1958,
Slovenia,1959,
Slovenia,1960,
Slovenia,1961,
Slovenia,1962,
Slovenia,1963,
Slovenia,1964,
Slovenia,1965,
Slovenia,1966,
Slovenia,1967,
Slovenia,1968,
Slovenia,1969,
Slovenia,1970,
Slovenia,1971,
Slovenia,1972,
Slovenia,1973,
Slovenia,1974,
Slovenia,1975,
Slovenia,1976,
Slovenia,1977,
Slovenia,1978,
Slovenia,1979,
Slovenia,1980,
Slovenia,1981,
Slovenia,1982,
Slovenia,1983,
Slovenia,1984,
Slovenia,1985,
Slovenia,1986,
Slovenia,1987,
Slovenia,1988,
Slovenia,1989,
Slovenia,1990,
Slovenia,1991,
Slovenia,1992,2.25
Slovenia,1993,1.82
Slovenia,1994,1.65
Slovenia,1995,1.57
Slovenia,1996,1.54
Slovenia,1997,1.4
Slovenia,1998,1.37
Slovenia,1999,1.22
Slovenia,2000,1.1
Slovenia,2001,1.31
Slovenia,2002,1.41
Slovenia,2003,1.42
Slovenia,2004,1.44
Slovenia,2005,1.43
Slovenia,2006,1.55
Slovenia,2007,1.45
Slovenia,2008,1.5
Slovenia,2009,1.6
Slovenia,2010,1.62
Slovenia,2011,1.3
Slovenia,2012,1.18
Slovenia,2013,1.06
Slovenia,2014,0.98
Slovenia,2015,0.94
Slovenia,2016,1.02
Slovenia,2017,0.99
Slovenia,2018,0.99
Slovenia,2019,1.06
Slovenia,2020,1.07
Slovenia,2021,1.24
Slovenia,2022,1.3
Slovenia,2023,1.32
Slovenia,2024,1.31
Somalia,1949,
Somalia,1950,
Somalia,1951,
Somalia,1952,
Somalia,1953,
Somalia,1954,
Somalia,1955,
Somalia,1956,
Somalia,1957,
Somalia,1958,
Somalia,1959,
Somalia,1960,
Somalia,1961,0.23
Somalia,1962,0.25
Somalia,1963,0.29
Somalia,1964,0.33
Somalia,1965,0.3
Somalia,1966,0.35
Somalia,1967,0.39
Somalia,1968,0.41
Somalia,1969,0.42
Somalia,1970,0.5
Somalia,1971,0.48
Somalia,1972,0.45
Somalia,1973,0.51
Somalia,1974,0.73
Somalia,1975,0.52
Somalia,1976,0.52
Somalia,1977,0.46
Somalia,1978,0.99
Somalia,1979,0.97
Somalia,1980,0.55
Somalia,1981,0.61
Somalia,1982,0.29
Somalia,1983,0.24
Somalia,1984,0.14
Somalia,1985,0.05
Somalia,1986,28.95
Somalia,1987,16.96
Somalia,1988,17.44
Somalia,1989,1.53
Somalia,1990,
Somalia,1991,
Somalia,1992,
Somalia,1993,
Somalia,1994,
Somalia,1995,
Somalia,1996,
Somalia,1997,
Somalia,1998,
Somalia,1999,
Somalia,2000,
Somalia,2001,
Somalia,2002,
Somalia,2003,
Somalia,2004,
Somalia,2005,
Somalia,2006,
Somalia,2007,
Somalia,2008,
Somalia,2009,
Somalia,2010,
Somalia,2011,
Somalia,2012,
Somalia,2013,0.44
Somalia,2014,0.94
Somalia,2015,0.68
Somalia,2016,0.65
Somalia,2017,0.75
Somalia,2018,0.97
Somalia,2019,0.83
Somalia,2020,1.14
Somalia,2021,1.17
Somalia,2022,1.16
Somalia,2023,1.29
Somalia,2024,1.59
South Africa,1949,
South Africa,1950,
South Africa,1951,1.62
South Africa,1952,1.74
South Africa,1953,1.35
South Africa,1954,1.2
South Africa,1955,1.22
South Africa,1956,1.29
South Africa,1957,1.3
South Africa,1958,0.98
South Africa,1959,0.88
South Africa,1960,0.95
South Africa,1961,1.47
South Africa,1962,2.25
South Africa,1963,2.06
South Africa,1964,2.7
South Africa,1965,2.63
South Africa,1966,2.7
South Africa,1967,2.79
South Africa,1968,2.76
South Africa,1969,2.61
South Africa,1970,2.33
South Africa,1971,2.46
South Africa,1972,2.37
South Africa,1973,2.65
South Africa,1974,3.09
South Africa,1975,3.87
South Africa,1976,4.73
South Africa,1977,5.26
South Africa,1978,4.56
South Africa,1979,3.86
South Africa,1980,3.3
South Africa,1981,3.64
South Africa,1982,3.61
South Africa,1983,3.6
South Africa,1984,3.7
South Africa,1985,3.7
South Africa,1986,3.82
South Africa,1987,4.19
South Africa,1988,4.62
South Africa,1989,4.36
South Africa,1990,3.9
South Africa,1991,3.22
South Africa,1992,2.82
South Africa,1993,2.5
South Africa,1994,2.56
South Africa,1995,2.12
South Africa,1996,1.76
South Africa,1997,1.58
South Africa,1998,1.38
South Africa,1999,1.27
South Africa,2000,1.39
South Africa,2001,1.48
South Africa,2002,1.53
South Africa,2003,1.47
South Africa,2004,1.36
South Africa,2005,1.23
South Africa,2006,1.15
South Africa,2007,1.06
South Africa,2008,1.04
South Africa,2009,1.09
South Africa,2010,1.0
South Africa,2011,1.0
South Africa,2012,1.03
South Africa,2013,1.03
South Africa,2014,1.02
South Africa,2015,1.01
South Africa,2016,0.97
South Africa,2017,0.94
South Africa,2018,0.89
South Africa,2019,0.88
South Africa,2020,0.96
South Africa,2021,0.81
South Africa,2022,0.8
South Africa,2023,0.75
South Africa,2024,0.7
South Korea,1949,
South Korea,1950,
South Korea,1951,
South Korea,1952,
South Korea,1953,2.36
South Korea,1954,5.85
South Korea,1955,6.24
South Korea,1956,8.33
South Korea,1957,6.8
South Korea,1958,7.43
South Korea,1959,7.64
South Korea,1960,7.16
South Korea,1961,6.73
South Korea,1962,6.87
South Korea,1963,4.82
South Korea,1964,4.13
South Korea,1965,4.41
South Korea,1966,4.69
South Korea,1967,4.69
South Korea,1968,4.73
South Korea,1969,4.69
South Korea,1970,4.4
South Korea,1971,4.73
South Korea,1972,5.01
South Korea,1973,4.03
South Korea,1974,4.54
South Korea,1975,4.88
South Korea,1976,5.91
South Korea,1977,6.03
South Korea,1978,6.37
South Korea,1979,5.53
South Korea,1980,6.4
South Korea,1981,6.42
South Korea,1982,6.24
South Korea,1983,5.73
South Korea,1984,5.25
South Korea,1985,5.23
South Korea,1986,4.95
South Korea,1987,4.47
South Korea,1988,4.28
South Korea,1989,4.29
South Korea,1990,4.0
South Korea,1991,3.71
South Korea,1992,3.69
South Korea,1993,3.42
South Korea,1994,3.19
South Korea,1995,2.89
South Korea,1996,2.74
South Korea,1997,2.66
South Korea,1998,2.79
South Korea,1999,2.49
South Korea,2000,2.31
South Korea,2001,2.28
South Korea,2002,2.17
South Korea,2003,2.18
South Korea,2004,2.17
South Korea,2005,2.28
South Korea,2006,2.3
South Korea,2007,2.27
South Korea,2008,2.39
South Korea,2009,2.5
South Korea,2010,2.36
South Korea,2011,2.37
South Korea,2012,2.39
South Korea,2013,2.39
South Korea,2014,2.41
South Korea,2015,2.38
South Korea,2016,2.34
South Korea,2017,2.3
South Korea,2018,2.36
South Korea,2019,2.52
South Korea,2020,2.64
South Korea,2021,2.62
South Korea,2022,2.58
South Korea,2023,2.6
South Korea,2024,2.56
South Sudan,1949,
South Sudan,1950,
South Sudan,1951,
South Sudan,1952,
South Sudan,1953,
South Sudan,1954,
South Sudan,1955,
South Sudan,1956,
South Sudan,1957,
South Sudan,1958,
South Sudan,1959,
South Sudan,1960,
South Sudan,1961,
South Sudan,1962,
South Sudan,1963,
South Sudan,1964,
South Sudan,1965,
South Sudan,1966,
South Sudan,1967,
South Sudan,1968,
South Sudan,1969,
South Sudan,1970,
South Sudan,1971,
South Sudan,1972,
South Sudan,1973,
South Sudan,1974,
South Sudan,1975,
South Sudan,1976,
South Sudan,1977,
South Sudan,1978,
South Sudan,1979,
South Sudan,1980,
South Sudan,1981,
South Sudan,1982,
South Sudan,1983,
South Sudan,1984,
South Sudan,1985,
South Sudan,1986,
South Sudan,1987,
South Sudan,1988,
South Sudan,1989,
South Sudan,1990,
South Sudan,1991,
South Sudan,1992,
South Sudan,1993,
South Sudan,1994,
South Sudan,1995,
South Sudan,1996,
South Sudan,1997,
South Sudan,1998,
South Sudan,1999,
South Sudan,2000,
South Sudan,2001,
South Sudan,2002,
South Sudan,2003,
South Sudan,2004,
South Sudan,2005,
South Sudan,2006,
South Sudan,2007,
South Sudan,2008,5.76
South Sudan,2009,4.97
South Sudan,2010,4.14
South Sudan,2011,6.09
South Sudan,2012,8.77
South Sudan,2013,6.57
South Sudan,2014,8.57
South Sudan,2015,8.6
South Sudan,2016,4.85
South Sudan,2017,3.99
South Sudan,2018,4.77
South Sudan,2019,3.8
South Sudan,2020,1.87
South Sudan,2021,1.51
South Sudan,2022,1.57
South Sudan,2023,2.1
South Sudan,2024,1.96
Spain,1949,
Spain,1950,
Spain,1951,
Spain,1952,
Spain,1953,
Spain,1954,2.29
Spain,1955,2.31
Spain,1956,2.26
Spain,1957,2.23
Spain,1958,1.93
Spain,1959,1.91
Spain,1960,2.25
Spain,1961,2.03
Spain,1962,2.27
Spain,1963,1.97
Spain,1964,1.93
Spain,1965,1.88
Spain,1966,2.08
Spain,1967,1.85
Spain,1968,2.3
Spain,1969,2.43
Spain,1970,2.29
Spain,1971,2.11
Spain,1972,2.32
Spain,1973,2.11
Spain,1974,2.21
Spain,1975,2.0
Spain,1976,2.32
Spain,1977,2.31
Spain,1978,2.36
Spain,1979,2.5
Spain,1980,2.49
Spain,1981,2.58
Spain,1982,2.66
Spain,1983,2.94
Spain,1984,2.97
Spain,1985,2.95
Spain,1986,2.63
Spain,1987,2.61
Spain,1988,2.49
Spain,1989,2.36
Spain,1990,2.29
Spain,1991,2.13
Spain,1992,2.04
Spain,1993,2.01
Spain,1994,2.0
Spain,1995,1.92
Spain,1996,1.81
Spain,1997,1.72
Spain,1998,1.76
Spain,1999,1.76
Spain,2000,1.73
Spain,2001,1.63
Spain,2002,1.46
Spain,2003,1.42
Spain,2004,1.43
Spain,2005,1.39
Spain,2006,1.37
Spain,2007,1.36
Spain,2008,1.37
Spain,2009,1.36
Spain,2010,1.38
Spain,2011,1.33
Spain,2012,1.42
Spain,2013,1.27
Spain,2014,1.25
Spain,2015,1.26
Spain,2016,1.13
Spain,2017,1.22
Spain,2018,1.25
Spain,2019,1.22
Spain,2020,1.35
Spain,2021,1.34
Spain,2022,1.41
Spain,2023,1.47
Spain,2024,1.43
Sri Lanka,1949,
Sri Lanka,1950,
Sri Lanka,1951,0.25
Sri Lanka,1952,0.34
Sri Lanka,1953,0.45
Sri Lanka,1954,0.67
Sri Lanka,1955,0.55
Sri Lanka,1956,0.68
Sri Lanka,1957,0.91
Sri Lanka,1958,1.24
Sri Lanka,1959,1.23
Sri Lanka,1960,1.18
Sri Lanka,1961,1.18
Sri Lanka,1962,1.08
Sri Lanka,1963,0.9
Sri Lanka,1964,0.85
Sri Lanka,1965,0.85
Sri Lanka,1966,0.87
Sri Lanka,1967,0.85
Sri Lanka,1968,0.79
Sri Lanka,1969,0.81
Sri Lanka,1970,0.92
Sri Lanka,1971,1.36
Sri Lanka,1972,
Sri Lanka,1973,0.87
Sri Lanka,1974,0.8
Sri Lanka,1975,0.8
Sri Lanka,1976,0.66
Sri Lanka,1977,0.68
Sri Lanka,1978,0.8
Sri Lanka,1979,0.83
Sri Lanka,1980,0.77
Sri Lanka,1981,0.63
Sri Lanka,1982,0.54
Sri Lanka,1983,0.89
Sri Lanka,1984,0.92
Sri Lanka,1985,3.16
Sri Lanka,1986,2.7
Sri Lanka,1987,3.39
Sri Lanka,1988,2.37
Sri Lanka,1989,1.8
Sri Lanka,1990,2.33
Sri Lanka,1991,3.08
Sri Lanka,1992,3.37
Sri Lanka,1993,3.43
Sri Lanka,1994,3.73
Sri Lanka,1995,5.86
Sri Lanka,1996,5.52
Sri Lanka,1997,4.63
Sri Lanka,1998,4.64
Sri Lanka,1999,4.03
Sri Lanka,2000,5.03
Sri Lanka,2001,4.29
Sri Lanka,2002,3.34
Sri Lanka,2003,2.87
Sri Lanka,2004,3.0
Sri Lanka,2005,2.64
Sri Lanka,2006,2.8
Sri Lanka,2007,3.26
Sri Lanka,2008,3.24
Sri Lanka,2009,3.16
Sri Lanka,2010,2.7
Sri Lanka,2011,2.69
Sri Lanka,2012,2.16
Sri Lanka,2013,2.15
Sri Lanka,2014,2.41
Sri Lanka,2015,2.42
Sri Lanka,2016,1.98
Sri Lanka,2017,1.98
Sri Lanka,2018,1.73
Sri Lanka,2019,1.75
Sri Lanka,2020,1.74
Sri Lanka,2021,1.71
Sri Lanka,2022,1.34
Sri Lanka,2023,1.64
Sri Lanka,2024,1.43
Sudan,1949,
Sudan,1950,
Sudan,1951,
Sudan,1952,
Sudan,1953,
Sudan,1954,
Sudan,1955,
Sudan,1956,1.12
Sudan,1957,1.64
Sudan,1958,1.52
Sudan,1959,1.71
Sudan,1960,1.92
Sudan,1961,1.84
Sudan,1962,2.06
Sudan,1963,2.15
Sudan,1964,3.14
Sudan,1965,4.12
Sudan,1966,3.53
Sudan,1967,3.65
Sudan,1968,3.75
Sudan,1969,5.2
Sudan,1970,4.95
Sudan,1971,4.6
Sudan,1972,4.19
Sudan,1973,3.16
Sudan,1974,2.57
Sudan,1975,2.25
Sudan,1976,2.67
Sudan,1977,2.62
Sudan,1978,2.04
Sudan,1979,2.59
Sudan,1980,2.3
Sudan,1981,1.78
Sudan,1982,2.44
Sudan,1983,3.27
Sudan,1984,4.08
Sudan,1985,3.4
Sudan,1986,3.23
Sudan,1987,2.55
Sudan,1988,3.55
Sudan,1989,
Sudan,1990,4.81
Sudan,1991,4.99
Sudan,1992,4.39
Sudan,1993,4.92
Sudan,1994,3.9
Sudan,1995,2.07
Sudan,1996,1.27
Sudan,1997,0.95
Sudan,1998,2.38
Sudan,1999,4.01
Sudan,2000,4.47
Sudan,2001,2.47
Sudan,2002,2.67
Sudan,2003,1.86
Sudan,2004,4.66
Sudan,2005,3.31
Sudan,2006,3.64
Sudan,2007,4.08
Sudan,2008,4.98
Sudan,2009,5.45
Sudan,2010,
Sudan,2011,
Sudan,2012,
Sudan,2013,
Sudan,2014,
Sudan,2015,2.71
Sudan,2016,2.28
Sudan,2017,3.29
Sudan,2018,1.78
Sudan,2019,1.63
Sudan,2020,0.98
Sudan,2021,0.93
Sudan,2022,
Sudan,2023,
Sudan,2024,
Sweden,1949,
Sweden,1950,
Sweden,1951,
Sweden,1952,
Sweden,1953,
Sweden,1954,
Sweden,1955,
Sweden,1956,
Sweden,1957,
Sweden,1958,
Sweden,1959,
Sweden,1960,3.78
Sweden,1961,3.72
Sweden,1962,3.86
Sweden,1963,3.97
Sweden,1964,3.87
Sweden,1965,3.91
Sweden,1966,3.86
Sweden,1967,3.61
Sweden,1968,3.48
Sweden,1969,3.46
Sweden,1970,3.36
Sweden,1971,3.41
Sweden,1972,3.41
Sweden,1973,3.28
Sweden,1974,3.22
Sweden,1975,3.08
Sweden,1976,3.0
Sweden,1977,3.1
Sweden,1978,3.15
Sweden,1979,3.12
Sweden,1980,2.92
Sweden,1981,2.95
Sweden,1982,2.85
Sweden,1983,2.74
Sweden,1984,2.67
Sweden,1985,2.67
Sweden,1986,2.59
Sweden,1987,2.48
Sweden,1988,2.45
Sweden,1989,2.43
Sweden,1990,2.46
Sweden,1991,2.32
Sweden,1992,2.34
Sweden,1993,2.24
Sweden,1994,2.11
Sweden,1995,1.74
Sweden,1996,1.47
Sweden,1997,1.9
Sweden,1998,1.86
Sweden,1999,1.85
Sweden,2000,1.81
Sweden,2001,1.77
Sweden,2002,1.63
Sweden,2003,1.59
Sweden,2004,1.43
Sweden,2005,1.41
Sweden,2006,1.32
Sweden,2007,1.3
Sweden,2008,1.17
Sweden,2009,1.17
Sweden,2010,1.19
Sweden,2011,1.11
Sweden,2012,1.14
Sweden,2013,1.12
Sweden,2014,1.13
Sweden,2015,1.07
Sweden,2016,1.06
Sweden,2017,1.03
Sweden,2018,1.04
Sweden,2019,1.1
Sweden,2020,1.15
Sweden,2021,1.19
Sweden,2022,1.33
Sweden,2023,1.5
Sweden,2024,2.0
Switzerland,1949,
Switzerland,1950,
Switzerland,1951,
Switzerland,1952,
Switzerland,1953,
Switzerland,1954,
Switzerland,1955,
Switzerland,1956,
Switzerland,1957,2.83
Switzerland,1958,2.99
Switzerland,1959,2.71
Switzerland,1960,2.34
Switzerland,1961,2.47
Switzerland,1962,2.57
Switzerland,1963,2.52
Switzerland,1964,2.54
Switzerland,1965,2.47
Switzerland,1966,2.53
Switzerland,1967,2.38
Switzerland,1968,2.18
Switzerland,1969,2.2
Switzerland,1970,2.1
Switzerland,1971,2.05
Switzerland,1972,1.97
Switzerland,1973,1.86
Switzerland,1974,1.88
Switzerland,1975,1.9
Switzerland,1976,2.16
Switzerland,1977,2.02
Switzerland,1978,1.97
Switzerland,1979,2.04
Switzerland,1980,1.68
Switzerland,1981,1.66
Switzerland,1982,1.73
Switzerland,1983,1.75
Switzerland,1984,1.7
Switzerland,1985,1.82
Switzerland,1986,1.66
Switzerland,1987,1.56
Switzerland,1988,1.56
Switzerland,1989,1.52
Switzerland,1990,1.57
Switzerland,1991,1.54
Switzerland,1992,1.52
Switzerland,1993,1.37
Switzerland,1994,1.33
Switzerland,1995,1.36
Switzerland,1996,1.28
Switzerland,1997,1.22
Switzerland,1998,1.19
Switzerland,1999,1.09
Switzerland,2000,1.03
Switzerland,2001,0.99
Switzerland,2002,0.96
Switzerland,2003,0.93
Switzerland,2004,0.89
Switzerland,2005,0.83
Switzerland,2006,0.75
Switzerland,2007,0.72
Switzerland,2008,0.72
Switzerland,2009,0.73
Switzerland,2010,0.69
Switzerland,2011,0.69
Switzerland,2012,0.67
Switzerland,2013,0.71
Switzerland,2014,0.63
Switzerland,2015,0.65
Switzerland,2016,0.66
Switzerland,2017,0.67
Switzerland,2018,0.65
Switzerland,2019,0.7
Switzerland,2020,0.77
Switzerland,2021,0.67
Switzerland,2022,0.68
Switzerland,2023,0.71
Switzerland,2024,0.72
Syria,1949,
Syria,1950,
Syria,1951,
Syria,1952,
Syria,1953,
Syria,1954,
Syria,1955,
Syria,1956,
Syria,1957,
Syria,1958,
Syria,1959,
Syria,1960,10.52
Syria,1961,9.54
Syria,1962,13.47
Syria,1963,
Syria,1964,8.64
Syria,1965,8.88
Syria,1966,7.75
Syria,1967,8.21
Syria,1968,12.16
Syria,1969,10.83
Syria,1970,11.22
Syria,1971,8.44
Syria,1972,10.77
Syria,1973,15.07
Syria,1974,12.66
Syria,1975,15.95
Syria,1976,14.73
Syria,1977,14.5
Syria,1978,14.71
Syria,1979,15.93
Syria,1980,17.25
Syria,1981,14.55
Syria,1982,15.56
Syria,1983,14.64
Syria,1984,17.69
Syria,1985,16.56
Syria,1986,14.45
Syria,1987,11.22
Syria,1988,7.85
Syria,1989,7.97
Syria,1990,6.87
Syria,1991,10.43
Syria,1992,8.99
Syria,1993,7.24
Syria,1994,7.36
Syria,1995,6.95
Syria,1996,6.04
Syria,1997,5.88
Syria,1998,5.81
Syria,1999,5.81
Syria,2000,5.45
Syria,2001,5.48
Syria,2002,5.41
Syria,2003,6.25
Syria,2004,5.54
Syria,2005,5.03
Syria,2006,4.39
Syria,2007,4.1
Syria,2008,3.55
Syria,2009,4.03
Syria,2010,4.06
Syria,2011,
Syria,2012,
Syria,2013,
Syria,2014,
Syria,2015,
Syria,2016,
Syria,2017,
Syria,2018,
Syria,2019,
Syria,2020,
Syria,2021,
Syria,2022,
Syria,2023,
Syria,2024,
Taiwan,1949,
Taiwan,1950,
Taiwan,1951,
Taiwan,1952,
Taiwan,1953,
Taiwan,1954,
Taiwan,1955,
Taiwan,1956,
Taiwan,1957,
Taiwan,1958,
Taiwan,1959,
Taiwan,1960,
Taiwan,1961,
Taiwan,1962,
Taiwan,1963,
Taiwan,1964,
Taiwan,1965,
Taiwan,1966,
Taiwan,1967,
Taiwan,1968,
Taiwan,1969,
Taiwan,1970,
Taiwan,1971,
Taiwan,1972,
Taiwan,1973,
Taiwan,1974,
Taiwan,1975,
Taiwan,1976,6.24
Taiwan,1977,6.92
Taiwan,1978,7.02
Taiwan,1979,7.58
Taiwan,1980,7.29
Taiwan,1981,6.65
Taiwan,1982,6.99
Taiwan,1983,6.34
Taiwan,1984,5.73
Taiwan,1985,6.09
Taiwan,1986,5.44
Taiwan,1987,4.93
Taiwan,1988,5.14
Taiwan,1989,5.28
Taiwan,1990,5.22
Taiwan,1991,4.97
Taiwan,1992,4.69
Taiwan,1993,4.96
Taiwan,1994,4.66
Taiwan,1995,4.11
Taiwan,1996,4.02
Taiwan,1997,3.72
Taiwan,1998,3.29
Taiwan,1999,2.88
Taiwan,2000,2.65
Taiwan,2001,2.66
Taiwan,2002,2.44
Taiwan,2003,2.35
Taiwan,2004,2.25
Taiwan,2005,2.13
Taiwan,2006,1.97
Taiwan,2007,2.0
Taiwan,2008,2.15
Taiwan,2009,2.33
Taiwan,2010,2.04
Taiwan,2011,2.06
Taiwan,2012,2.12
Taiwan,2013,1.94
Taiwan,2014,1.85
Taiwan,2015,1.87
Taiwan,2016,1.82
Taiwan,2017,1.82
Taiwan,2018,1.74
Taiwan,2019,1.82
Taiwan,2020,1.9
Taiwan,2021,1.87
Taiwan,2022,1.97
Taiwan,2023,2.14
Taiwan,2024,2.1
Tajikistan,1949,
Tajikistan,1950,
Tajikistan,1951,
Tajikistan,1952,
Tajikistan,1953,
Tajikistan,1954,
Tajikistan,1955,
Tajikistan,1956,
Tajikistan,1957,
Tajikistan,1958,
Tajikistan,1959,
Tajikistan,1960,
Tajikistan,1961,
Tajikistan,1962,
Tajikistan,1963,
Tajikistan,1964,
Tajikistan,1965,
Tajikistan,1966,
Tajikistan,1967,
Tajikistan,1968,
Tajikistan,1969,
Tajikistan,1970,
Tajikistan,1971,
Tajikistan,1972,
Tajikistan,1973,
Tajikistan,1974,
Tajikistan,1975,
Tajikistan,1976,
Tajikistan,1977,
Tajikistan,1978,
Tajikistan,1979,
Tajikistan,1980,
Tajikistan,1981,
Tajikistan,1982,
Tajikistan,1983,
Tajikistan,1984,
Tajikistan,1985,
Tajikistan,1986,
Tajikistan,1987,
Tajikistan,1988,
Tajikistan,1989,
Tajikistan,1990,
Tajikistan,1991,
Tajikistan,1992,0.0
Tajikistan,1993,0.0
Tajikistan,1994,0.0
Tajikistan,1995,1.1
Tajikistan,1996,1.29
Tajikistan,1997,1.7
Tajikistan,1998,1.71
Tajikistan,1999,1.39
Tajikistan,2000,0.6
Tajikistan,2001,0.58
Tajikistan,2002,1.05
Tajikistan,2003,1.12
Tajikistan,2004,1.13
Tajikistan,2005,
Tajikistan,2006,
Tajikistan,2007,
Tajikistan,2008,1.02
Tajikistan,2009,0.95
Tajikistan,2010,0.95
Tajikistan,2011,1.09
Tajikistan,2012,1.0
Tajikistan,2013,
Tajikistan,2014,1.13
Tajikistan,2015,1.28
Tajikistan,2016,1.21
Tajikistan,2017,1.04
Tajikistan,2018,1.05
Tajikistan,2019,1.0
Tajikistan,2020,0.95
Tajikistan,2021,1.0
Tajikistan,2022,1.93
Tajikistan,2023,2.4
Tajikistan,2024,1.85
Tanzania,1949,
Tanzania,1950,
Tanzania,1951,
Tanzania,1952,
Tanzania,1953,
Tanzania,1954,
Tanzania,1955,
Tanzania,1956,
Tanzania,1957,
Tanzania,1958,
Tanzania,1959,
Tanzania,1960,
Tanzania,1961,
Tanzania,1962,
Tanzania,1963,
Tanzania,1964,
Tanzania,1965,
Tanzania,1966,
Tanzania,1967,1.42
Tanzania,1968,1.47
Tanzania,1969,1.73
Tanzania,1970,2.3
Tanzania,1971,3.1
Tanzania,1972,3.43
Tanzania,1973,4.17
Tanzania,1974,5.36
Tanzania,1975,5.36
Tanzania,1976,4.69
Tanzania,1977,5.48
Tanzania,1978,10.11
Tanzania,1979,8.5
Tanzania,1980,4.52
Tanzania,1981,5.58
Tanzania,1982,5.5
Tanzania,1983,5.41
Tanzania,1984,5.25
Tanzania,1985,5.39
Tanzania,1986,5.74
Tanzania,1987,3.15
Tanzania,1988,2.45
Tanzania,1989,2.38
Tanzania,1990,2.05
Tanzania,1991,2.18
Tanzania,1992,2.11
Tanzania,1993,1.38
Tanzania,1994,1.29
Tanzania,1995,1.63
Tanzania,1996,1.56
Tanzania,1997,1.54
Tanzania,1998,1.6
Tanzania,1999,1.49
Tanzania,2000,1.49
Tanzania,2001,1.45
Tanzania,2002,1.3
Tanzania,2003,1.07
Tanzania,2004,0.99
Tanzania,2005,0.82
Tanzania,2006,0.79
Tanzania,2007,0.76
Tanzania,2008,0.7
Tanzania,2009,0.76
Tanzania,2010,0.9
Tanzania,2011,0.9
Tanzania,2012,0.91
Tanzania,2013,0.97
Tanzania,2014,1.02
Tanzania,2015,1.09
Tanzania,2016,1.09
Tanzania,2017,1.06
Tanzania,2018,1.1
Tanzania,2019,1.06
Tanzania,2020,1.08
Tanzania,2021,1.12
Tanzania,2022,1.19
Tanzania,2023,1.21
Tanzania,2024,1.15
Thailand,1949,
Thailand,1950,
Thailand,1951,
Thailand,1952,
Thailand,1953,
Thailand,1954,
Thailand,1955,
Thailand,1956,
Thailand,1957,3.58
Thailand,1958,3.25
Thailand,1959,3.01
Thailand,1960,2.47
Thailand,1961,2.1
Thailand,1962,2.63
Thailand,1963,2.62
Thailand,1964,2.43
Thailand,1965,2.33
Thailand,1966,2.17
Thailand,1967,2.43
Thailand,1968,2.75
Thailand,1969,2.99
Thailand,1970,3.07
Thailand,1971,3.56
Thailand,1972,3.47
Thailand,1973,2.88
Thailand,1974,2.66
Thailand,1975,2.8
Thailand,1976,3.13
Thailand,1977,3.48
Thailand,1978,3.92
Thailand,1979,4.38
Thailand,1980,4.24
Thailand,1981,4.06
Thailand,1982,4.12
Thailand,1983,3.95
Thailand,1984,4.06
Thailand,1985,4.19
Thailand,1986,3.8
Thailand,1987,3.36
Thailand,1988,2.93
Thailand,1989,2.68
Thailand,1990,2.59
Thailand,1991,2.65
Thailand,1992,2.66
Thailand,1993,2.52
Thailand,1994,2.5
Thailand,1995,2.27
Thailand,1996,2.15
Thailand,1997,2.17
Thailand,1998,1.86
Thailand,1999,1.62
Thailand,2000,1.49
Thailand,2001,1.43
Thailand,2002,1.33
Thailand,2003,1.23
Thailand,2004,1.13
Thailand,2005,0.99
Thailand,2006,0.95
Thailand,2007,1.02
Thailand,2008,1.25
Thailand,2009,1.54
Thailand,2010,1.52
Thailand,2011,1.39
Thailand,2012,1.39
Thailand,2013,1.35
Thailand,2014,1.38
Thailand,2015,1.34
Thailand,2016,1.33
Thailand,2017,1.34
Thailand,2018,1.33
Thailand,2019,1.33
Thailand,2020,1.46
Thailand,2021,1.42
Thailand,2022,1.24
Thailand,2023,1.13
Thailand,2024,1.08
Timor Leste,1949,
Timor Leste,1950,
Timor Leste,1951,
Timor Leste,1952,
Timor Leste,1953,
Timor Leste,1954,
Timor Leste,1955,
Timor Leste,1956,
Timor Leste,1957,
Timor Leste,1958,
Timor Leste,1959,
Timor Leste,1960,
Timor Leste,1961,
Timor Leste,1962,
Timor Leste,1963,
Timor Leste,1964,
Timor Leste,1965,
Timor Leste,1966,
Timor Leste,1967,
Timor Leste,1968,
Timor Leste,1969,
Timor Leste,1970,
Timor Leste,1971,
Timor Leste,1972,
Timor Leste,1973,
Timor Leste,1974,
Timor Leste,1975,
Timor Leste,1976,
Timor Leste,1977,
Timor Leste,1978,
Timor Leste,1979,
Timor Leste,1980,
Timor Leste,1981,
Timor Leste,1982,
Timor Leste,1983,
Timor Leste,1984,
Timor Leste,1985,
Timor Leste,1986,
Timor Leste,1987,
Timor Leste,1988,
Timor Leste,1989,
Timor Leste,1990,
Timor Leste,1991,
Timor Leste,1992,
Timor Leste,1993,
Timor Leste,1994,
Timor Leste,1995,
Timor Leste,1996,
Timor Leste,1997,
Timor Leste,1998,
Timor Leste,1999,
Timor Leste,2000,
Timor Leste,2001,
Timor Leste,2002,
Timor Leste,2003,
Timor Leste,2004,
Timor Leste,2005,1.78
Timor Leste,2006,3.77
Timor Leste,2007,4.37
Timor Leste,2008,3.65
Timor Leste,2009,5.02
Timor Leste,2010,2.99
Timor Leste,2011,1.97
Timor Leste,2012,2.88
Timor Leste,2013,2.27
Timor Leste,2014,2.05
Timor Leste,2015,2.32
Timor Leste,2016,1.6
Timor Leste,2017,1.61
Timor Leste,2018,1.32
Timor Leste,2019,1.69
Timor Leste,2020,1.78
Timor Leste,2021,1.08
Timor Leste,2022,1.38
Timor Leste,2023,2.65
Timor Leste,2024,2.66
Togo,1949,
Togo,1950,
Togo,1951,
Togo,1952,
Togo,1953,
Togo,1954,
Togo,1955,
Togo,1956,
Togo,1957,
Togo,1958,
Togo,1959,
Togo,1960,
Togo,1961,0.27
Togo,1962,0.55
Togo,1963,0.84
Togo,1964,2.16
Togo,1965,1.9
Togo,1966,1.34
Togo,1967,1.34
Togo,1968,1.36
Togo,1969,1.28
Togo,1970,1.37
Togo,1971,1.41
Togo,1972,1.48
Togo,1973,1.69
Togo,1974,1.49
Togo,1975,1.86
Togo,1976,2.5
Togo,1977,3.07
Togo,1978,2.71
Togo,1979,2.25
Togo,1980,2.19
Togo,1981,2.37
Togo,1982,2.26
Togo,1983,2.1
Togo,1984,2.19
Togo,1985,2.51
Togo,1986,2.85
Togo,1987,3.5
Togo,1988,3.12
Togo,1989,3.09
Togo,1990,3.12
Togo,1991,2.86
Togo,1992,2.93
Togo,1993,4.03
Togo,1994,2.58
Togo,1995,1.86
Togo,1996,
Togo,1997,
Togo,1998,
Togo,1999,
Togo,2000,
Togo,2001,
Togo,2002,
Togo,2003,1.37
Togo,2004,1.41
Togo,2005,1.46
Togo,2006,
Togo,2007,
Togo,2008,1.72
Togo,2009,1.64
Togo,2010,1.66
Togo,2011,1.53
Togo,2012,1.62
Togo,2013,1.68
Togo,2014,1.82
Togo,2015,1.67
Togo,2016,1.36
Togo,2017,1.4
Togo,2018,1.47
Togo,2019,2.36
Togo,2020,2.16
Togo,2021,2.39
Togo,2022,4.14
Togo,2023,3.05
Togo,2024,2.0
Trinidad and Tobago,1949,
Trinidad and Tobago,1950,
Trinidad and Tobago,1951,
Trinidad and Tobago,1952,
Trinidad and Tobago,1953,
Trinidad and Tobago,1954,
Trinidad and Tobago,1955,
Trinidad and Tobago,1956,
Trinidad and Tobago,1957,
Trinidad and Tobago,1958,
Trinidad and Tobago,1959,
Trinidad and Tobago,1960,
Trinidad and Tobago,1961,
Trinidad and Tobago,1962,
Trinidad and Tobago,1963,
Trinidad and Tobago,1964,
Trinidad and Tobago,1965,
Trinidad and Tobago,1966,
Trinidad and Tobago,1967,
Trinidad and Tobago,1968,0.67
Trinidad and Tobago,1969,0.68
Trinidad and Tobago,1970,0.75
Trinidad and Tobago,1971,0.96
Trinidad and Tobago,1972,0.84
Trinidad and Tobago,1973,0.68
Trinidad and Tobago,1974,0.42
Trinidad and Tobago,1975,0.44
Trinidad and Tobago,1976,0.5
Trinidad and Tobago,1977,0.49
Trinidad and Tobago,1978,0.51
Trinidad and Tobago,1979,0.59
Trinidad and Tobago,1980,0.59
Trinidad and Tobago,1981,0.51
Trinidad and Tobago,1982,
Trinidad and Tobago,1983,
Trinidad and Tobago,1984,
Trinidad and Tobago,1985,
Trinidad and Tobago,1986,
Trinidad and Tobago,1987,
Trinidad and Tobago,1988,
Trinidad and Tobago,1989,
Trinidad and Tobago,1990,
Trinidad and Tobago,1991,
Trinidad and Tobago,1992,
Trinidad and Tobago,1993,0.49
Trinidad and Tobago,1994,0.49
Trinidad and Tobago,1995,
Trinidad and Tobago,1996,
Trinidad and Tobago,1997,
Trinidad and Tobago,1998,
Trinidad and Tobago,1999,
Trinidad and Tobago,2000,
Trinidad and Tobago,2001,0.16
Trinidad and Tobago,2002,0.21
Trinidad and Tobago,2003,0.29
Trinidad and Tobago,2004,0.56
Trinidad and Tobago,2005,0.6
Trinidad and Tobago,2006,0.62
Trinidad and Tobago,2007,0.57
Trinidad and Tobago,2008,0.49
Trinidad and Tobago,2009,0.71
Trinidad and Tobago,2010,0.64
Trinidad and Tobago,2011,0.57
Trinidad and Tobago,2012,0.64
Trinidad and Tobago,2013,0.76
Trinidad and Tobago,2014,0.66
Trinidad and Tobago,2015,0.75
Trinidad and Tobago,2016,0.91
Trinidad and Tobago,2017,0.85
Trinidad and Tobago,2018,0.69
Trinidad and Tobago,2019,0.73
Trinidad and Tobago,2020,0.81
Trinidad and Tobago,2021,0.86
Trinidad and Tobago,2022,0.77
Trinidad and Tobago,2023,0.96
Trinidad and Tobago,2024,0.92
Tunisia,1949,
Tunisia,1950,
Tunisia,1951,
Tunisia,1952,
Tunisia,1953,
Tunisia,1954,
Tunisia,1955,
Tunisia,1956,
Tunisia,1957,
Tunisia,1958,
Tunisia,1959,
Tunisia,1960,2.0
Tunisia,1961,2.22
Tunisia,1962,1.73
Tunisia,1963,1.51
Tunisia,1964,1.74
Tunisia,1965,1.29
Tunisia,1966,1.32
Tunisia,1967,1.42
Tunisia,1968,1.44
Tunisia,1969,1.31
Tunisia,1970,1.56
Tunisia,1971,1.48
Tunisia,1972,1.41
Tunisia,1973,1.4
Tunisia,1974,1.31
Tunisia,1975,1.74
Tunisia,1976,1.86
Tunisia,1977,2.38
Tunisia,1978,2.49
Tunisia,1979,2.24
Tunisia,1980,2.03
Tunisia,1981,2.48
Tunisia,1982,3.69
Tunisia,1983,4.17
Tunisia,1984,2.76
Tunisia,1985,2.34
Tunisia,1986,2.09
Tunisia,1987,1.82
Tunisia,1988,2.1
Tunisia,1989,2.11
Tunisia,1990,1.84
Tunisia,1991,1.83
Tunisia,1992,1.71
Tunisia,1993,1.73
Tunisia,1994,1.74
Tunisia,1995,1.74
Tunisia,1996,1.87
Tunisia,1997,1.73
Tunisia,1998,1.68
Tunisia,1999,1.56
Tunisia,2000,1.55
Tunisia,2001,1.52
Tunisia,2002,1.49
Tunisia,2003,1.48
Tunisia,2004,1.43
Tunisia,2005,1.45
Tunisia,2006,1.45
Tunisia,2007,1.26
Tunisia,2008,1.29
Tunisia,2009,1.29
Tunisia,2010,1.24
Tunisia,2011,1.49
Tunisia,2012,1.44
Tunisia,2013,1.56
Tunisia,2014,1.81
Tunisia,2015,2.14
Tunisia,2016,2.22
Tunisia,2017,2.03
Tunisia,2018,1.98
Tunisia,2019,2.38
Tunisia,2020,2.71
Tunisia,2021,2.63
Tunisia,2022,2.57
Tunisia,2023,2.49
Tunisia,2024,2.51
Turkey,1949,
Turkey,1950,
Turkey,1951,
Turkey,1952,
Turkey,1953,
Turkey,1954,
Turkey,1955,
Turkey,1956,
Turkey,1957,
Turkey,1958,
Turkey,1959,
Turkey,1960,3.53
Turkey,1961,3.76
Turkey,1962,3.71
Turkey,1963,3.39
Turkey,1964,3.42
Turkey,1965,3.55
Turkey,1966,3.14
Turkey,1967,3.26
Turkey,1968,3.28
Turkey,1969,3.08
Turkey,1970,3.26
Turkey,1971,3.5
Turkey,1972,3.45
Turkey,1973,3.35
Turkey,1974,3.19
Turkey,1975,5.12
Turkey,1976,4.94
Turkey,1977,4.71
Turkey,1978,4.19
Turkey,1979,3.36
Turkey,1980,3.9
Turkey,1981,3.82
Turkey,1982,4.3
Turkey,1983,3.94
Turkey,1984,3.6
Turkey,1985,3.53
Turkey,1986,3.64
Turkey,1987,3.33
Turkey,1988,2.93
Turkey,1989,3.15
Turkey,1990,3.53
Turkey,1991,3.75
Turkey,1992,3.87
Turkey,1993,3.92
Turkey,1994,4.05
Turkey,1995,3.9
Turkey,1996,4.14
Turkey,1997,4.1
Turkey,1998,3.18
Turkey,1999,3.88
Turkey,2000,3.64
Turkey,2001,3.58
Turkey,2002,3.77
Turkey,2003,3.27
Turkey,2004,2.67
Turkey,2005,2.39
Turkey,2006,2.34
Turkey,2007,2.2
Turkey,2008,2.18
Turkey,2009,2.47
Turkey,2010,2.27
Turkey,2011,2.03
Turkey,2012,2.01
Turkey,2013,1.92
Turkey,2014,1.87
Turkey,2015,1.81
Turkey,2016,2.05
Turkey,2017,2.05
Turkey,2018,2.52
Turkey,2019,2.69
Turkey,2020,2.2
Turkey,2021,1.86
Turkey,2022,1.66
Turkey,2023,1.72
Turkey,2024,1.92
Turkmenistan,1949,
Turkmenistan,1950,
Turkmenistan,1951,
Turkmenistan,1952,
Turkmenistan,1953,
Turkmenistan,1954,
Turkmenistan,1955,
Turkmenistan,1956,
Turkmenistan,1957,
Turkmenistan,1958,
Turkmenistan,1959,
Turkmenistan,1960,
Turkmenistan,1961,
Turkmenistan,1962,
Turkmenistan,1963,
Turkmenistan,1964,
Turkmenistan,1965,
Turkmenistan,1966,
Turkmenistan,1967,
Turkmenistan,1968,
Turkmenistan,1969,
Turkmenistan,1970,
Turkmenistan,1971,
Turkmenistan,1972,
Turkmenistan,1973,
Turkmenistan,1974,
Turkmenistan,1975,
Turkmenistan,1976,
Turkmenistan,1977,
Turkmenistan,1978,
Turkmenistan,1979,
Turkmenistan,1980,
Turkmenistan,1981,
Turkmenistan,1982,
Turkmenistan,1983,
Turkmenistan,1984,
Turkmenistan,1985,
Turkmenistan,1986,
Turkmenistan,1987,
Turkmenistan,1988,
Turkmenistan,1989,
Turkmenistan,1990,
Turkmenistan,1991,
Turkmenistan,1992,
Turkmenistan,1993,
Turkmenistan,1994,1.8
Turkmenistan,1995,2.32
Turkmenistan,1996,2.04
Turkmenistan,1997,3.96
Turkmenistan,1998,3.11
Turkmenistan,1999,2.9
Turkmenistan,2000,
Turkmenistan,2001,
Turkmenistan,2002,
Turkmenistan,2003,
Turkmenistan,2004,
Turkmenistan,2005,
Turkmenistan,2006,
Turkmenistan,2007,
Turkmenistan,2008,
Turkmenistan,2009,
Turkmenistan,2010,
Turkmenistan,2011,
Turkmenistan,2012,
Turkmenistan,2013,
Turkmenistan,2014,
Turkmenistan,2015,
Turkmenistan,2016,
Turkmenistan,2017,
Turkmenistan,2018,
Turkmenistan,2019,
Turkmenistan,2020,
Turkmenistan,2021,
Turkmenistan,2022,
Turkmenistan,2023,
Turkmenistan,2024,
USSR,1949,
USSR,1950,
USSR,1951,
USSR,1952,
USSR,1953,
USSR,1954,
USSR,1955,
USSR,1956,
USSR,1957,
USSR,1958,
USSR,1959,
USSR,1960,
USSR,1961,
USSR,1962,
USSR,1963,
USSR,1964,
USSR,1965,
USSR,1966,
USSR,1967,
USSR,1968,
USSR,1969,
USSR,1970,
USSR,1971,
USSR,1972,
USSR,1973,
USSR,1974,
USSR,1975,
USSR,1976,
USSR,1977,
USSR,1978,
USSR,1979,
USSR,1980,
USSR,1981,
USSR,1982,
USSR,1983,
USSR,1984,
USSR,1985,
USSR,1986,
USSR,1987,
USSR,1988,
USSR,1989,
USSR,1990,
USSR,1991,
USSR,1992,
USSR,1993,
USSR,1994,
USSR,1995,
USSR,1996,
USSR,1997,
USSR,1998,
USSR,1999,
USSR,2000,
USSR,2001,
USSR,2002,
USSR,2003,
USSR,2004,
USSR,2005,
USSR,2006,
USSR,2007,
USSR,2008,
USSR,2009,
USSR,2010,
USSR,2011,
USSR,2012,
USSR,2013,
USSR,2014,
USSR,2015,
USSR,2016,
USSR,2017,
USSR,2018,
USSR,2019,
USSR,2020,
USSR,2021,
USSR,2022,
USSR,2023,
USSR,2024,
Uganda,1949,
Uganda,1950,
Uganda,1951,
Uganda,1952,
Uganda,1953,
Uganda,1954,
Uganda,1955,
Uganda,1956,
Uganda,1957,
Uganda,1958,
Uganda,1959,
Uganda,1960,
Uganda,1961,0.02
Uganda,1962,0.11
Uganda,1963,0.37
Uganda,1964,0.65
Uganda,1965,1.13
Uganda,1966,1.44
Uganda,1967,1.62
Uganda,1968,1.79
Uganda,1969,1.82
Uganda,1970,1.97
Uganda,1971,3.47
Uganda,1972,4.06
Uganda,1973,3.5
Uganda,1974,3.62
Uganda,1975,2.82
Uganda,1976,3.19
Uganda,1977,2.04
Uganda,1978,1.97
Uganda,1979,1.69
Uganda,1980,2.22
Uganda,1981,1.89
Uganda,1982,1.98
Uganda,1983,2.22
Uganda,1984,2.63
Uganda,1985,2.66
Uganda,1986,2.91
Uganda,1987,2.59
Uganda,1988,2.46
Uganda,1989,2.73
Uganda,1990,2.97
Uganda,1991,2.51
Uganda,1992,1.66
Uganda,1993,1.93
Uganda,1994,2.02
Uganda,1995,2.1
Uganda,1996,2.21
Uganda,1997,2.12
Uganda,1998,2.44
Uganda,1999,2.66
Uganda,2000,1.76
Uganda,2001,1.68
Uganda,2002,1.63
Uganda,2003,1.69
Uganda,2004,1.77
Uganda,2005,1.68
Uganda,2006,1.5
Uganda,2007,1.39
Uganda,2008,1.35
Uganda,2009,1.43
Uganda,2010,2.46
Uganda,2011,2.54
Uganda,2012,1.18
Uganda,2013,0.94
Uganda,2014,0.92
Uganda,2015,0.99
Uganda,2016,1.0
Uganda,2017,1.04
Uganda,2018,1.15
Uganda,2019,1.72
Uganda,2020,2.47
Uganda,2021,2.34
Uganda,2022,1.85
Uganda,2023,1.81
Uganda,2024,1.88
Ukraine,1949,
Ukraine,1950,
Ukraine,1951,
Ukraine,1952,
Ukraine,1953,
Ukraine,1954,
Ukraine,1955,
Ukraine,1956,
Ukraine,1957,
Ukraine,1958,
Ukraine,1959,
Ukraine,1960,
Ukraine,1961,
Ukraine,1962,
Ukraine,1963,
Ukraine,1964,
Ukraine,1965,
Ukraine,1966,
Ukraine,1967,
Ukraine,1968,
Ukraine,1969,
Ukraine,1970,
Ukraine,1971,
Ukraine,1972,
Ukraine,1973,
Ukraine,1974,
Ukraine,1975,
Ukraine,1976,
Ukraine,1977,
Ukraine,1978,
Ukraine,1979,
Ukraine,1980,
Ukraine,1981,
Ukraine,1982,
Ukraine,1983,
Ukraine,1984,
Ukraine,1985,
Ukraine,1986,
Ukraine,1987,
Ukraine,1988,
Ukraine,1989,
Ukraine,1990,
Ukraine,1991,
Ukraine,1992,
Ukraine,1993,0.43
Ukraine,1994,2.42
Ukraine,1995,2.73
Ukraine,1996,3.18
Ukraine,1997,3.99
Ukraine,1998,3.24
Ukraine,1999,2.88
Ukraine,2000,3.51
Ukraine,2001,2.77
Ukraine,2002,2.68
Ukraine,2003,2.75
Ukraine,2004,2.51
Ukraine,2005,2.79
Ukraine,2006,2.77
Ukraine,2007,2.87
Ukraine,2008,2.67
Ukraine,2009,2.84
Ukraine,2010,2.74
Ukraine,2011,2.26
Ukraine,2012,2.35
Ukraine,2013,2.39
Ukraine,2014,2.97
Ukraine,2015,3.85
Ukraine,2016,3.67
Ukraine,2017,3.24
Ukraine,2018,3.64
Ukraine,2019,4.07
Ukraine,2020,4.4
Ukraine,2021,3.43
Ukraine,2022,25.64
Ukraine,2023,36.53
Ukraine,2024,34.48
United Arab Emirates,1949,
United Arab Emirates,1950,
United Arab Emirates,1951,
United Arab Emirates,1952,
United Arab Emirates,1953,
United Arab Emirates,1954,
United Arab Emirates,1955,
United Arab Emirates,1956,
United Arab Emirates,1957,
United Arab Emirates,1958,
United Arab Emirates,1959,
United Arab Emirates,1960,
United Arab Emirates,1961,
United Arab Emirates,1962,
United Arab Emirates,1963,
United Arab Emirates,1964,
United Arab Emirates,1965,
United Arab Emirates,1966,
United Arab Emirates,1967,
United Arab Emirates,1968,
United Arab Emirates,1969,
United Arab Emirates,1970,
United Arab Emirates,1971,
United Arab Emirates,1972,
United Arab Emirates,1973,
United Arab Emirates,1974,
United Arab Emirates,1975,
United Arab Emirates,1976,
United Arab Emirates,1977,
United Arab Emirates,1978,
United Arab Emirates,1979,
United Arab Emirates,1980,
United Arab Emirates,1981,
United Arab Emirates,1982,
United Arab Emirates,1983,
United Arab Emirates,1984,
United Arab Emirates,1985,
United Arab Emirates,1986,
United Arab Emirates,1987,
United Arab Emirates,1988,
United Arab Emirates,1989,
United Arab Emirates,1990,
United Arab Emirates,1991,
United Arab Emirates,1992,
United Arab Emirates,1993,
United Arab Emirates,1994,
United Arab Emirates,1995,
United Arab Emirates,1996,
United Arab Emirates,1997,6.76
United Arab Emirates,1998,8.63
United Arab Emirates,1999,7.67
United Arab Emirates,2000,8.32
United Arab Emirates,2001,5.61
United Arab Emirates,2002,4.88
United Arab Emirates,2003,4.69
United Arab Emirates,2004,4.61
United Arab Emirates,2005,3.66
United Arab Emirates,2006,3.23
United Arab Emirates,2007,3.28
United Arab Emirates,2008,3.67
United Arab Emirates,2009,5.46
United Arab Emirates,2010,6.04
United Arab Emirates,2011,5.47
United Arab Emirates,2012,5.08
United Arab Emirates,2013,6.03
United Arab Emirates,2014,5.64
United Arab Emirates,2015,
United Arab Emirates,2016,
United Arab Emirates,2017,
United Arab Emirates,2018,
United Arab Emirates,2019,
United Arab Emirates,2020,
United Arab Emirates,2021,
United Arab Emirates,2022,
United Arab Emirates,2023,
United Arab Emirates,2024,
United Kingdom,1949,
United Kingdom,1950,7.21
United Kingdom,1951,8.3
United Kingdom,1952,10.37
United Kingdom,1953,10.96
United Kingdom,1954,10.06
United Kingdom,1955,9.09
United Kingdom,1956,8.56
United Kingdom,1957,7.99
United Kingdom,1958,7.62
United Kingdom,1959,7.29
United Kingdom,1960,7.09
United Kingdom,1961,6.92
United Kingdom,1962,6.94
United Kingdom,1963,6.8
United Kingdom,1964,6.6
United Kingdom,1965,6.44
United Kingdom,1966,6.25
United Kingdom,1967,6.24
United Kingdom,1968,5.94
United Kingdom,1969,5.5
United Kingdom,1970,5.2
United Kingdom,1971,5.08
United Kingdom,1972,5.17
United Kingdom,1973,4.91
United Kingdom,1974,5.07
United Kingdom,1975,5.34
United Kingdom,1976,5.18
United Kingdom,1977,4.92
United Kingdom,1978,4.73
United Kingdom,1979,4.68
United Kingdom,1980,5.02
United Kingdom,1981,4.98
United Kingdom,1982,5.38
United Kingdom,1983,5.4
United Kingdom,1984,5.51
United Kingdom,1985,5.32
United Kingdom,1986,5.06
United Kingdom,1987,4.69
United Kingdom,1988,4.21
United Kingdom,1989,4.04
United Kingdom,1990,3.98
United Kingdom,1991,4.12
United Kingdom,1992,3.86
United Kingdom,1993,3.59
United Kingdom,1994,3.38
United Kingdom,1995,2.85
United Kingdom,1996,2.72
United Kingdom,1997,2.56
United Kingdom,1998,2.5
United Kingdom,1999,2.42
United Kingdom,2000,2.37
United Kingdom,2001,2.41
United Kingdom,2002,2.49
United Kingdom,2003,2.55
United Kingdom,2004,2.5
United Kingdom,2005,2.42
United Kingdom,2006,2.37
United Kingdom,2007,2.37
United Kingdom,2008,2.49
United Kingdom,2009,2.65
United Kingdom,2010,2.57
United Kingdom,2011,2.5
United Kingdom,2012,2.42
United Kingdom,2013,2.29
United Kingdom,2014,2.18
United Kingdom,2015,2.05
United Kingdom,2016,1.98
United Kingdom,2017,1.95
United Kingdom,2018,1.94
United Kingdom,2019,1.99
United Kingdom,2020,2.16
United Kingdom,2021,2.07
United Kingdom,2022,2.06
United Kingdom,2023,2.23
United Kingdom,2024,2.28
United States,1949,5.27
United States,1950,5.08
United States,1951,10.17
United States,1952,13.86
United States,1953,13.58
United States,1954,11.74
United States,1955,10.16
United States,1956,9.9
United States,1957,9.99
United States,1958,10.07
United States,1959,9.44
United States,1960,8.99
United States,1961,9.16
United States,1962,9.33
United States,1963,8.83
United States,1964,8.05
United States,1965,7.59
United States,1966,8.44
United States,1967,9.42
United States,1968,9.27
United States,1969,8.63
United States,1970,8.03
United States,1971,6.94
United States,1972,6.52
United States,1973,5.89
United States,1974,5.95
United States,1975,5.62
United States,1976,5.19
United States,1977,5.16
United States,1978,4.94
United States,1979,4.95
United States,1980,5.15
United States,1981,5.65
United States,1982,6.81
United States,1983,6.32
United States,1984,6.24
United States,1985,6.45
United States,1986,6.63
United States,1987,6.42
United States,1988,6.07
United States,1989,5.87
United States,1990,5.61
United States,1991,4.88
United States,1992,4.97
United States,1993,4.6
United States,1994,4.22
United States,1995,3.86
United States,1996,3.55
United States,1997,3.41
United States,1998,3.2
United States,1999,3.09
United States,2000,3.11
United States,2001,3.12
United States,2002,3.45
United States,2003,3.83
United States,2004,4.02
United States,2005,4.09
United States,2006,4.04
United States,2007,4.07
United States,2008,4.45
United States,2009,4.88
United States,2010,4.9
United States,2011,4.82
United States,2012,4.46
United States,2013,4.02
United States,2014,3.68
United States,2015,3.46
United States,2016,3.4
United States,2017,3.3
United States,2018,3.3
United States,2019,3.41
United States,2020,3.65
United States,2021,3.4
United States,2022,3.31
United States,2023,3.3
United States,2024,3.42
Uruguay,1949,
Uruguay,1950,
Uruguay,1951,
Uruguay,1952,
Uruguay,1953,
Uruguay,1954,
Uruguay,1955,
Uruguay,1956,
Uruguay,1957,
Uruguay,1958,
Uruguay,1959,
Uruguay,1960,
Uruguay,1961,
Uruguay,1962,
Uruguay,1963,
Uruguay,1964,
Uruguay,1965,
Uruguay,1966,
Uruguay,1967,
Uruguay,1968,
Uruguay,1969,
Uruguay,1970,
Uruguay,1971,
Uruguay,1972,2.2
Uruguay,1973,3.76
Uruguay,1974,4.53
Uruguay,1975,4.29
Uruguay,1976,3.48
Uruguay,1977,3.75
Uruguay,1978,3.62
Uruguay,1979,3.8
Uruguay,1980,4.7
Uruguay,1981,6.26
Uruguay,1982,6.45
Uruguay,1983,5.38
Uruguay,1984,4.58
Uruguay,1985,4.3
Uruguay,1986,4.12
Uruguay,1987,3.04
Uruguay,1988,3.16
Uruguay,1989,3.53
Uruguay,1990,3.53
Uruguay,1991,2.39
Uruguay,1992,2.85
Uruguay,1993,2.79
Uruguay,1994,2.58
Uruguay,1995,2.71
Uruguay,1996,2.81
Uruguay,1997,2.4
Uruguay,1998,2.26
Uruguay,1999,2.39
Uruguay,2000,2.44
Uruguay,2001,2.5
Uruguay,2002,2.53
Uruguay,2003,2.24
Uruguay,2004,2.04
Uruguay,2005,2.0
Uruguay,2006,2.01
Uruguay,2007,1.78
Uruguay,2008,1.87
Uruguay,2009,1.82
Uruguay,2010,1.88
Uruguay,2011,1.72
Uruguay,2012,1.61
Uruguay,2013,1.69
Uruguay,2014,1.74
Uruguay,2015,1.77
Uruguay,2016,1.81
Uruguay,2017,1.91
Uruguay,2018,2.08
Uruguay,2019,2.01
Uruguay,2020,2.06
Uruguay,2021,2.26
Uruguay,2022,2.04
Uruguay,2023,2.12
Uruguay,2024,2.31
Uzbekistan,1949,
Uzbekistan,1950,
Uzbekistan,1951,
Uzbekistan,1952,
Uzbekistan,1953,
Uzbekistan,1954,
Uzbekistan,1955,
Uzbekistan,1956,
Uzbekistan,1957,
Uzbekistan,1958,
Uzbekistan,1959,
Uzbekistan,1960,
Uzbekistan,1961,
Uzbekistan,1962,
Uzbekistan,1963,
Uzbekistan,1964,
Uzbekistan,1965,
Uzbekistan,1966,
Uzbekistan,1967,
Uzbekistan,1968,
Uzbekistan,1969,
Uzbekistan,1970,
Uzbekistan,1971,
Uzbekistan,1972,
Uzbekistan,1973,
Uzbekistan,1974,
Uzbekistan,1975,
Uzbekistan,1976,
Uzbekistan,1977,
Uzbekistan,1978,
Uzbekistan,1979,
Uzbekistan,1980,
Uzbekistan,1981,
Uzbekistan,1982,
Uzbekistan,1983,
Uzbekistan,1984,
Uzbekistan,1985,
Uzbekistan,1986,
Uzbekistan,1987,
Uzbekistan,1988,
Uzbekistan,1989,
Uzbekistan,1990,
Uzbekistan,1991,
Uzbekistan,1992,
Uzbekistan,1993,
Uzbekistan,1994,1.53
Uzbekistan,1995,0.88
Uzbekistan,1996,0.98
Uzbekistan,1997,1.12
Uzbekistan,1998,
Uzbekistan,1999,1.31
Uzbekistan,2000,0.92
Uzbekistan,2001,0.67
Uzbekistan,2002,0.48
Uzbekistan,2003,0.43
Uzbekistan,2004,
Uzbekistan,2005,
Uzbekistan,2006,
Uzbekistan,2007,
Uzbekistan,2008,
Uzbekistan,2009,
Uzbekistan,2010,
Uzbekistan,2011,
Uzbekistan,2012,
Uzbekistan,2013,
Uzbekistan,2014,
Uzbekistan,2015,
Uzbekistan,2016,
Uzbekistan,2017,
Uzbekistan,2018,2.87
Uzbekistan,2019,
Uzbekistan,2020,
Uzbekistan,2021,
Uzbekistan,2022,
Uzbekistan,2023,
Uzbekistan,2024,
Venezuela,1949,
Venezuela,1950,
Venezuela,1951,
Venezuela,1952,
Venezuela,1953,
Venezuela,1954,
Venezuela,1955,2.58
Venezuela,1956,2.75
Venezuela,1957,3.22
Venezuela,1958,3.43
Venezuela,1959,2.96
Venezuela,1960,3.06
Venezuela,1961,1.42
Venezuela,1962,2.31
Venezuela,1963,2.55
Venezuela,1964,2.45
Venezuela,1965,2.64
Venezuela,1966,2.66
Venezuela,1967,2.86
Venezuela,1968,2.68
Venezuela,1969,2.5
Venezuela,1970,2.29
Venezuela,1971,2.7
Venezuela,1972,2.83
Venezuela,1973,2.47
Venezuela,1974,2.31
Venezuela,1975,2.59
Venezuela,1976,1.89
Venezuela,1977,2.07
Venezuela,1978,2.11
Venezuela,1979,1.92
Venezuela,1980,1.7
Venezuela,1981,1.52
Venezuela,1982,2.25
Venezuela,1983,2.97
Venezuela,1984,2.29
Venezuela,1985,1.37
Venezuela,1986,1.65
Venezuela,1987,1.63
Venezuela,1988,1.82
Venezuela,1989,2.79
Venezuela,1990,1.52
Venezuela,1991,1.84
Venezuela,1992,1.64
Venezuela,1993,2.15
Venezuela,1994,1.59
Venezuela,1995,1.55
Venezuela,1996,1.04
Venezuela,1997,1.8
Venezuela,1998,1.59
Venezuela,1999,1.44
Venezuela,2000,1.53
Venezuela,2001,1.56
Venezuela,2002,1.15
Venezuela,2003,1.18
Venezuela,2004,1.29
Venezuela,2005,1.83
Venezuela,2006,1.98
Venezuela,2007,1.89
Venezuela,2008,1.79
Venezuela,2009,1.23
Venezuela,2010,1.01
Venezuela,2011,1.13
Venezuela,2012,1.34
Venezuela,2013,1.67
Venezuela,2014,1.16
Venezuela,2015,0.94
Venezuela,2016,0.45
Venezuela,2017,2.23
Venezuela,2018,0.15
Venezuela,2019,1.79
Venezuela,2020,1.58
Venezuela,2021,0.31
Venezuela,2022,0.65
Venezuela,2023,0.5
Venezuela,2024,
Vietnam,1949,
Vietnam,1950,
Vietnam,1951,
Vietnam,1952,
Vietnam,1953,
Vietnam,1954,
Vietnam,1955,
Vietnam,1956,
Vietnam,1957,
Vietnam,1958,
Vietnam,1959,
Vietnam,1960,
Vietnam,1961,
Vietnam,1962,
Vietnam,1963,
Vietnam,1964,
Vietnam,1965,
Vietnam,1966,
Vietnam,1967,
Vietnam,1968,
Vietnam,1969,
Vietnam,1970,
Vietnam,1971,
Vietnam,1972,
Vietnam,1973,
Vietnam,1974,
Vietnam,1975,
Vietnam,1976,
Vietnam,1977,
Vietnam,1978,
Vietnam,1979,
Vietnam,1980,
Vietnam,1981,
Vietnam,1982,
Vietnam,1983,
Vietnam,1984,
Vietnam,1985,
Vietnam,1986,
Vietnam,1987,3.95
Vietnam,1988,7.1
Vietnam,1989,7.29
Vietnam,1990,7.91
Vietnam,1991,5.6
Vietnam,1992,3.37
Vietnam,1993,2.26
Vietnam,1994,2.65
Vietnam,1995,
Vietnam,1996,
Vietnam,1997,
Vietnam,1998,
Vietnam,1999,
Vietnam,2000,
Vietnam,2001,
Vietnam,2002,
Vietnam,2003,2.13
Vietnam,2004,2.01
Vietnam,2005,1.78
Vietnam,2006,1.94
Vietnam,2007,2.3
Vietnam,2008,2.16
Vietnam,2009,2.27
Vietnam,2010,1.82
Vietnam,2011,1.56
Vietnam,2012,1.72
Vietnam,2013,1.74
Vietnam,2014,1.82
Vietnam,2015,1.91
Vietnam,2016,1.95
Vietnam,2017,1.8
Vietnam,2018,1.81
Vietnam,2019,
Vietnam,2020,
Vietnam,2021,
Vietnam,2022,
Vietnam,2023,
Vietnam,2024,
Yemen,1949,
Yemen,1950,
Yemen,1951,
Yemen,1952,
Yemen,1953,
Yemen,1954,
Yemen,1955,
Yemen,1956,
Yemen,1957,
Yemen,1958,
Yemen,1959,
Yemen,1960,
Yemen,1961,
Yemen,1962,
Yemen,1963,
Yemen,1964,
Yemen,1965,
Yemen,1966,
Yemen,1967,
Yemen,1968,
Yemen,1969,
Yemen,1970,
Yemen,1971,
Yemen,1972,
Yemen,1973,
Yemen,1974,
Yemen,1975,
Yemen,1976,
Yemen,1977,
Yemen,1978,
Yemen,1979,
Yemen,1980,
Yemen,1981,
Yemen,1982,
Yemen,1983,
Yemen,1984,
Yemen,1985,
Yemen,1986,
Yemen,1987,
Yemen,1988,
Yemen,1989,
Yemen,1990,6.55
Yemen,1991,7.01
Yemen,1992,7.28
Yemen,1993,7.06
Yemen,1994,8.4
Yemen,1995,6.35
Yemen,1996,5.28
Yemen,1997,5.81
Yemen,1998,6.08
Yemen,1999,5.17
Yemen,2000,4.92
Yemen,2001,5.48
Yemen,2002,6.9
Yemen,2003,6.85
Yemen,2004,5.3
Yemen,2005,4.87
Yemen,2006,4.31
Yemen,2007,4.85
Yemen,2008,4.45
Yemen,2009,5.65
Yemen,2010,4.69
Yemen,2011,4.93
Yemen,2012,4.57
Yemen,2013,4.08
Yemen,2014,3.97
Yemen,2015,
Yemen,2016,
Yemen,2017,
Yemen,2018,
Yemen,2019,
Yemen,2020,
Yemen,2021,
Yemen,2022,
Yemen,2023,
Yemen,2024,
"Yemen, North",1949,
"Yemen, North",1950,
"Yemen, North",1951,
"Yemen, North",1952,
"Yemen, North",1953,
"Yemen, North",1954,
"Yemen, North",1955,
"Yemen, North",1956,
"Yemen, North",1957,
"Yemen, North",1958,
"Yemen, North",1959,
"Yemen, North",1960,
"Yemen, North",1961,
"Yemen, North",1962,
"Yemen, North",1963,
"Yemen, North",1964,
"Yemen, North",1965,
"Yemen, North",1966,
"Yemen, North",1967,
"Yemen, North",1968,
"Yemen, North",1969,
"Yemen, North",1970,
"Yemen, North",1971,
"Yemen, North",1972,
"Yemen, North",1973,
"Yemen, North",1974,
"Yemen, North",1975,
"Yemen, North",1976,
"Yemen, North",1977,
"Yemen, North",1978,
"Yemen, North",1979,
"Yemen, North",1980,
"Yemen, North",1981,
"Yemen, North",1982,
"Yemen, North",1983,
"Yemen, North",1984,
"Yemen, North",1985,
"Yemen, North",1986,
"Yemen, North",1987,
"Yemen, North",1988,
"Yemen, North",1989,
"Yemen, North",1990,
"Yemen, North",1991,
"Yemen, North",1992,
"Yemen, North",1993,
"Yemen, North",1994,
"Yemen, North",1995,
"Yemen, North",1996,
"Yemen, North",1997,
"Yemen, North",1998,
"Yemen, North",1999,
"Yemen, North",2000,
"Yemen, North",2001,
"Yemen, North",2002,
"Yemen, North",2003,
"Yemen, North",2004,
"Yemen, North",2005,
"Yemen, North",2006,
"Yemen, North",2007,
"Yemen, North",2008,
"Yemen, North",2009,
"Yemen, North",2010,
"Yemen, North",2011,
"Yemen, North",2012,
"Yemen, North",2013,
"Yemen, North",2014,
"Yemen, North",2015,
"Yemen, North",2016,
"Yemen, North",2017,
"Yemen, North",2018,
"Yemen, North",2019,
"Yemen, North",2020,
"Yemen, North",2021,
"Yemen, North",2022,
"Yemen, North",2023,
"Yemen, North",2024,
Yugoslavia,1949,
Yugoslavia,1950,
Yugoslavia,1951,
Yugoslavia,1952,
Yugoslavia,1953,
Yugoslavia,1954,
Yugoslavia,1955,
Yugoslavia,1956,
Yugoslavia,1957,
Yugoslavia,1958,
Yugoslavia,1959,
Yugoslavia,1960,
Yugoslavia,1961,
Yugoslavia,1962,
Yugoslavia,1963,
Yugoslavia,1964,
Yugoslavia,1965,
Yugoslavia,1966,
Yugoslavia,1967,
Yugoslavia,1968,
Yugoslavia,1969,
Yugoslavia,1970,
Yugoslavia,1971,
Yugoslavia,1972,
Yugoslavia,1973,
Yugoslavia,1974,
Yugoslavia,1975,
Yugoslavia,1976,
Yugoslavia,1977,
Yugoslavia,1978,
Yugoslavia,1979,
Yugoslavia,1980,
Yugoslavia,1981,
Yugoslavia,1982,
Yugoslavia,1983,
Yugoslavia,1984,
Yugoslavia,1985,
Yugoslavia,1986,
Yugoslavia,1987,
Yugoslavia,1988,
Yugoslavia,1989,
Yugoslavia,1990,
Yugoslavia,1991,
Yugoslavia,1992,
Yugoslavia,1993,
Yugoslavia,1994,
Yugoslavia,1995,
Yugoslavia,1996,
Yugoslavia,1997,
Yugoslavia,1998,
Yugoslavia,1999,
Yugoslavia,2000,
Yugoslavia,2001,
Yugoslavia,2002,
Yugoslavia,2003,
Yugoslavia,2004,
Yugoslavia,2005,
Yugoslavia,2006,
Yugoslavia,2007,
Yugoslavia,2008,
Yugoslavia,2009,
Yugoslavia,2010,
Yugoslavia,2011,
Yugoslavia,2012,
Yugoslavia,2013,
Yugoslavia,2014,
Yugoslavia,2015,
Yugoslavia,2016,
Yugoslavia,2017,
Yugoslavia,2018,
Yugoslavia,2019,
Yugoslavia,2020,
Yugoslavia,2021,
Yugoslavia,2022,
Yugoslavia,2023,
Yugoslavia,2024,
Zambia,1949,
Zambia,1950,
Zambia,1951,
Zambia,1952,
Zambia,1953,
Zambia,1954,
Zambia,1955,
Zambia,1956,
Zambia,1957,
Zambia,1958,
Zambia,1959,
Zambia,1960,
Zambia,1961,
Zambia,1962,
Zambia,1963,
Zambia,1964,
Zambia,1965,
Zambia,1966,
Zambia,1967,
Zambia,1968,
Zambia,1969,
Zambia,1970,
Zambia,1971,
Zambia,1972,
Zambia,1973,
Zambia,1974,
Zambia,1975,
Zambia,1976,
Zambia,1977,
Zambia,1978,
Zambia,1979,
Zambia,1980,
Zambia,1981,
Zambia,1982,
Zambia,1983,
Zambia,1984,3.0
Zambia,1985,2.36
Zambia,1986,3.66
Zambia,1987,3.22
Zambia,1988,2.39
Zambia,1989,4.2
Zambia,1990,3.41
Zambia,1991,2.34
Zambia,1992,2.71
Zambia,1993,1.43
Zambia,1994,1.72
Zambia,1995,1.45
Zambia,1996,1.05
Zambia,1997,1.01
Zambia,1998,
Zambia,1999,1.65
Zambia,2000,
Zambia,2001,
Zambia,2002,
Zambia,2003,
Zambia,2004,1.58
Zambia,2005,1.85
Zambia,2006,1.74
Zambia,2007,2.06
Zambia,2008,2.08
Zambia,2009,1.73
Zambia,2010,1.38
Zambia,2011,1.32
Zambia,2012,1.36
Zambia,2013,1.36
Zambia,2014,1.63
Zambia,2015,1.75
Zambia,2016,1.43
Zambia,2017,1.3
Zambia,2018,1.44
Zambia,2019,1.26
Zambia,2020,1.17
Zambia,2021,0.98
Zambia,2022,1.12
Zambia,2023,1.34
Zambia,2024,1.33
Zimbabwe,1949,
Zimbabwe,1950,
Zimbabwe,1951,
Zimbabwe,1952,
Zimbabwe,1953,
Zimbabwe,1954,
Zimbabwe,1955,
Zimbabwe,1956,
Zimbabwe,1957,
Zimbabwe,1958,
Zimbabwe,1959,
Zimbabwe,1960,
Zimbabwe,1961,
Zimbabwe,1962,
Zimbabwe,1963,
Zimbabwe,1964,1.04
Zimbabwe,1965,1.19
Zimbabwe,1966,1.32
Zimbabwe,1967,1.36
Zimbabwe,1968,2.07
Zimbabwe,1969,2.42
Zimbabwe,1970,2.44
Zimbabwe,1971,2.29
Zimbabwe,1972,2.18
Zimbabwe,1973,2.63
Zimbabwe,1974,2.98
Zimbabwe,1975,3.4
Zimbabwe,1976,4.63
Zimbabwe,1977,6.54
Zimbabwe,1978,7.99
Zimbabwe,1979,8.52
Zimbabwe,1980,6.63
Zimbabwe,1981,4.86
Zimbabwe,1982,5.12
Zimbabwe,1983,5.56
Zimbabwe,1984,5.68
Zimbabwe,1985,5.49
Zimbabwe,1986,5.5
Zimbabwe,1987,5.82
Zimbabwe,1988,5.21
Zimbabwe,1989,4.93
Zimbabwe,1990,4.1
Zimbabwe,1991,3.98
Zimbabwe,1992,3.8
Zimbabwe,1993,3.3
Zimbabwe,1994,3.11
Zimbabwe,1995,3.18
Zimbabwe,1996,2.88
Zimbabwe,1997,3.0
Zimbabwe,1998,
Zimbabwe,1999,2.24
Zimbabwe,2000,3.05
Zimbabwe,2001,2.55
Zimbabwe,2002,6.31
Zimbabwe,2003,2.03
Zimbabwe,2004,2.71
Zimbabwe,2005,1.45
Zimbabwe,2006,1.99
Zimbabwe,2007,
Zimbabwe,2008,
Zimbabwe,2009,
Zimbabwe,2010,0.82
Zimbabwe,2011,1.41
Zimbabwe,2012,1.86
Zimbabwe,2013,1.87
Zimbabwe,2014,1.89
Zimbabwe,2015,1.89
Zimbabwe,2016,1.74
Zimbabwe,2017,1.47
Zimbabwe,2018,1.18
Zimbabwe,2019,0.65
Zimbabwe,2020,0.97
Zimbabwe,2021,1.57
Zimbabwe,2022,0.99
Zimbabwe,2023,0.21
Zimbabwe,2024,0.35
